symbol,name,Standard_Sector,Sector_Chinese
AAL,"American Airlines Group, Inc. - Common Stock",Industrials,工業
AAME,Atlantic American Corporation - Common Stock,Financials,金融
AAOI,"Applied Optoelectronics, Inc. - Common Stock",Information Technology,資訊科技
AAON,"AAON, Inc. - Common Stock",Industrials,工業
AAPL,Apple Inc. - Common Stock,Information Technology,資訊科技
AARD,"Aardvark Therapeutics, Inc. - Common Stock",Health Care,醫療保健
ABAT,American Battery Technology Company - Common Stock,Materials,原物料
ABEO,Abeona Therapeutics Inc. - Common Stock,Health Care,醫療保健
ABL,"Abacus Global Management, Inc. - Class A Common Stock",Financials,金融
ABNB,"Airbnb, Inc. - Class A Common Stock",Consumer Discretionary,非必需消費
ABOS,"Acumen Pharmaceuticals, Inc. - Common Stock",Health Care,醫療保健
ABP,"Abpro Holdings, Inc - Common Stock",Health Care,醫療保健
ABSI,Absci Corporation - Common Stock,Health Care,醫療保健
ABUS,Arbutus Biopharma Corporation - Common Stock,Health Care,醫療保健
ABVC,"ABVC BioPharma, Inc. - Common Stock",Health Care,醫療保健
ABVE,Above Food Ingredients Inc. - Common Stock,Consumer Staples,必需消費
ACAD,ACADIA Pharmaceuticals Inc. - Common Stock,Health Care,醫療保健
ACDC,ProFrac Holding Corp. - Class A Common Stock,Energy,能源
ACET,"Adicet Bio, Inc. - Common Stock",Health Care,醫療保健
ACGL,Arch Capital Group Ltd. - Common Stock,Financials,金融
ACHC,"Acadia Healthcare Company, Inc. - Common Stock",Health Care,醫療保健
ACIC,American Coastal Insurance Corporation - Common Stock,Financials,金融
ACIU,AC Immune SA - Common Stock,Health Care,醫療保健
ACIW,"ACI Worldwide, Inc. - Common Stock",Information Technology,資訊科技
ACLS,"Axcelis Technologies, Inc. - Common Stock",Information Technology,資訊科技
ACLX,"Arcellx, Inc. - Common Stock",Health Care,醫療保健
ACMR,"ACM Research, Inc. - Class A Common Stock",Information Technology,資訊科技
ACNB,ACNB Corporation - Common Stock,Financials,金融
ACNT,Ascent Industries Co. - Common Stock,Materials,原物料
ACOG,Alpha Cognition Inc. - Common Stock,Health Care,醫療保健
ACON,"Aclarion, Inc. - Common Stock",Health Care,醫療保健
ACRS,"Aclaris Therapeutics, Inc. - Common Stock",Health Care,醫療保健
ACRV,"Acrivon Therapeutics, Inc. - Common Stock",Health Care,醫療保健
ACT,"Enact Holdings, Inc. - Common Stock",Financials,金融
ACTG,Acacia Research Corporation - Common Stock,Industrials,工業
ACTU,"Actuate Therapeutics, Inc. - Common stock",Health Care,醫療保健
ACXP,"Acurx Pharmaceuticals, Inc. - Common Stock",Health Care,醫療保健
ADBE,Adobe Inc. - Common Stock,Information Technology,資訊科技
ADEA,Adeia Inc.  - Common Stock,Information Technology,資訊科技
ADGM,"Adagio Medical Holdings, Inc - Common Stock",Health Care,醫療保健
ADI,"Analog Devices, Inc. - Common Stock",Information Technology,資訊科技
ADIL,"Adial Pharmaceuticals, Inc - Common Stock",Health Care,醫療保健
ADMA,ADMA Biologics Inc - Common Stock,Health Care,醫療保健
ADN,"Advent Technologies Holdings, Inc. - Class A Common Stock",Industrials,工業
ADP,"Automatic Data Processing, Inc. - Common Stock",Information Technology,資訊科技
ADPT,Adaptive Biotechnologies Corporation - Common Stock,Health Care,醫療保健
ADSK,"Autodesk, Inc. - Common Stock",Information Technology,資訊科技
ADTN,"ADTRAN Holdings, Inc. - Common Stock",Information Technology,資訊科技
ADTX,"Aditxt, Inc. - Common Stock",Health Care,醫療保健
ADUR,Aduro Clean Technologies Inc. - Common Stock,Industrials,工業
ADUS,Addus HomeCare Corporation - Common Stock,Health Care,醫療保健
ADV,Advantage Solutions Inc.  - Class A Common Stock,Communication Services,通訊服務
ADVB,Advanced Biomed Inc. - Common Stock,Health Care,醫療保健
ADVM,"Adverum Biotechnologies, Inc. - Common Stock",Health Care,醫療保健
AEHR,Aehr Test Systems - Common Stock,Information Technology,資訊科技
AEI,Alset Inc. - Common Stock,Real Estate,房地產
AEIS,"Advanced Energy Industries, Inc. - Common Stock",Industrials,工業
AEMD,"Aethlon Medical, Inc. - Common Stock",Health Care,醫療保健
AENT,Alliance Entertainment Holding Corporation - common stock,Communication Services,通訊服務
AEP,"American Electric Power Company, Inc. - Common Stock",Utilities,公用事業
AEVA,"Aeva Technologies, Inc. - Common Stock",Information Technology,資訊科技
AEYE,"AudioEye, Inc. - Common Stock",Information Technology,資訊科技
AFBI,"Affinity Bancshares, Inc. - Common Stock",Financials,金融
AFCG,Advanced Flower Capital Inc. - Common Stock,Real Estate,房地產
AFMD,Affimed N.V. - Common Stock,Health Care,醫療保健
AFRM,"Affirm Holdings, Inc. - Class A Common Stock",Information Technology,資訊科技
AGAE,Allied Gaming & Entertainment Inc. - Common Stock,Communication Services,通訊服務
AGEN,Agenus Inc. - Common Stock,Health Care,醫療保健
AGFY,Agrify Corporation - Common Stock,Industrials,工業
AGH,Aureus Greenway Holdings Inc. - Common Stock,Consumer Discretionary,非必需消費
AGIO,"Agios Pharmaceuticals, Inc. - Common Stock",Health Care,醫療保健
AGNC,AGNC Investment Corp. - Common Stock,Real Estate,房地產
AGYS,"Agilysys, Inc. - Common Stock",Information Technology,資訊科技
AHCO,AdaptHealth Corp.  - Common Stock,Health Care,醫療保健
AIFF,"Firefly Neuroscience, Inc.  - Common Stock",Information Technology,資訊科技
AIHS,Senmiao Technology Limited - Common Stock,Financials,金融
AIMD,"Ainos, Inc. - Common Stock",Health Care,醫療保健
AIOT,"PowerFleet, Inc. - Common Stock",Information Technology,資訊科技
AIP,"Arteris, Inc.  - Common Stock",Information Technology,資訊科技
AIRE,reAlpha Tech Corp. - Common Stock,Real Estate,房地產
AIRG,"Airgain, Inc. - Common Stock",Information Technology,資訊科技
AIRJ,AirJoule Technologies Corporation - Class A Common Stock,Industrials,工業
AIRS,"AirSculpt Technologies, Inc. - Common Stock",Health Care,醫療保健
AIRT,"Air T, Inc. - Common Stock",Industrials,工業
AISP,"Airship AI Holdings, Inc - Class A Common Stock",Information Technology,資訊科技
AKAM,"Akamai Technologies, Inc. - Common Stock",Information Technology,資訊科技
AKBA,"Akebia Therapeutics, Inc. - Common Stock",Health Care,醫療保健
AKRO,"Akero Therapeutics, Inc. - Common Stock",Health Care,醫療保健
AKYA,"Akoya BioSciences, Inc. - Common Stock",Health Care,醫療保健
ALAB,"Astera Labs, Inc. - Common Stock",Information Technology,資訊科技
ALBT,Avalon GloboCare Corp. - Common Stock,Real Estate,房地產
ALCO,"Alico, Inc. - Common Stock",Consumer Staples,必需消費
ALDX,"Aldeyra Therapeutics, Inc. - Common Stock",Health Care,醫療保健
ALEC,"Alector, Inc. - Common Stock",Health Care,醫療保健
ALGM,"Allegro MicroSystems, Inc. - Common Stock",Information Technology,資訊科技
ALGN,"Align Technology, Inc. - Common Stock",Health Care,醫療保健
ALGS,"Aligos Therapeutics, Inc. - Common stock",Health Care,醫療保健
ALGT,Allegiant Travel Company - Common Stock,Industrials,工業
ALHC,"Alignment Healthcare, Inc. - Common Stock",Health Care,醫療保健
ALKT,"Alkami Technology, Inc. - Common Stock",Information Technology,資訊科技
ALLK,Allakos Inc. - Common Stock,Health Care,醫療保健
ALLO,"Allogene Therapeutics, Inc. - Common Stock",Health Care,醫療保健
ALLR,"Allarity Therapeutics, Inc. - Common stock",Health Care,醫療保健
ALMS,Alumis Inc. - Common Stock,Health Care,醫療保健
ALMU,"Aeluma, Inc. - Common Stock",Information Technology,資訊科技
ALNT,Allient Inc. - Common Stock,Information Technology,資訊科技
ALNY,"Alnylam Pharmaceuticals, Inc. - Common Stock",Health Care,醫療保健
ALOT,"AstroNova, Inc. - Common Stock",Information Technology,資訊科技
ALRM,"Alarm.com Holdings, Inc. - Common Stock",Information Technology,資訊科技
ALRS,Alerus Financial Corporation - Common Stock,Financials,金融
ALT,"Altimmune, Inc. - Common Stock",Health Care,醫療保健
ALTI,"AlTi Global, Inc. - Class A Common Stock",Financials,金融
ALTO,"Alto Ingredients, Inc. - Common Stock",Materials,原物料
ALTS,ALT5 Sigma Corporation - Common Stock,Information Technology,資訊科技
ALXO,ALX Oncology Holdings Inc. - Common Stock,Health Care,醫療保健
ALZN,"Alzamend Neuro, Inc. - Common Stock",Health Care,醫療保健
AMAL,Amalgamated Financial Corp. - Common Stock,Financials,金融
AMAT,"Applied Materials, Inc. - Common Stock",Information Technology,資訊科技
AMCX,AMC Networks Inc. - Class A Common Stock,Communication Services,通訊服務
AMD,"Advanced Micro Devices, Inc. - Common Stock",Information Technology,資訊科技
AMED,Amedisys Inc - Common Stock,Health Care,醫療保健
AMGN,Amgen Inc. - Common Stock,Health Care,醫療保健
AMIX,"Autonomix Medical, Inc. - Common Stock",Health Care,醫療保健
AMKR,"Amkor Technology, Inc. - Common Stock",Information Technology,資訊科技
AMLX,"Amylyx Pharmaceuticals, Inc. - Common Stock",Health Care,醫療保健
AMOD,"Alpha Modus Holdings, Inc. - Class A Common Stock",Information Technology,資訊科技
AMPG,"Amplitech Group, Inc. - Common Stock",Information Technology,資訊科技
AMPH,"Amphastar Pharmaceuticals, Inc. - Common Stock",Health Care,醫療保健
AMPL,"Amplitude, Inc. - Class A Common Stock",Information Technology,資訊科技
AMRK,"A-Mark Precious Metals, Inc. - Common Stock",Financials,金融
AMRX,"Amneal Pharmaceuticals, Inc. - Class A Common Stock",Health Care,醫療保健
AMSC,American Superconductor Corporation - Common Stock,Industrials,工業
AMSF,"AMERISAFE, Inc. - Common Stock",Financials,金融
AMST,Amesite Inc. - Common Stock,Information Technology,資訊科技
AMTX,"Aemetis, Inc - Common Stock",Materials,原物料
AMWD,American Woodmark Corporation - Common Stock,Consumer Discretionary,非必需消費
AMZN,"Amazon.com, Inc. - Common Stock",Consumer Discretionary,非必需消費
ANAB,"AnaptysBio, Inc. - Common Stock",Health Care,醫療保健
ANDE,"The Andersons, Inc. - Common Stock",Consumer Staples,必需消費
ANEB,"Anebulo Pharmaceuticals, Inc. - Common Stock",Health Care,醫療保健
ANGI,Angi Inc. - Class A Common Stock,Communication Services,通訊服務
ANGO,"AngioDynamics, Inc. - Common Stock",Health Care,醫療保健
ANIK,Anika Therapeutics Inc. - Common Stock,Health Care,醫療保健
ANIP,"ANI Pharmaceuticals, Inc. - Common Stock",Health Care,醫療保健
ANIX,"Anixa Biosciences, Inc. - Common Stock",Health Care,醫療保健
ANNA,"AleAnna, Inc. - Class A Common Stock",Energy,能源
ANNX,"Annexon, Inc. - common stock",Health Care,醫療保健
ANSS,"ANSYS, Inc. - Common Stock",Information Technology,資訊科技
ANTX,"AN2 Therapeutics, Inc. - Common Stock",Health Care,醫療保健
AOUT,"American Outdoor Brands, Inc. - Common Stock",Consumer Discretionary,非必需消費
APA,APA Corporation - Common Stock,Energy,能源
APCX,AppTech Payments Corp. - Common stock,Information Technology,資訊科技
APDN,"Applied DNA Sciences, Inc. - Common Stock",Health Care,醫療保健
APEI,"American Public Education, Inc. - Common Stock",Consumer Staples,必需消費
APGE,"Apogee Therapeutics, Inc. - Common Stock",Health Care,醫療保健
APLD,Applied Digital Corporation - Common Stock,Information Technology,資訊科技
APLS,"Apellis Pharmaceuticals, Inc. - Common Stock",Health Care,醫療保健
APLT,"Applied Therapeutics, Inc. - Common Stock",Health Care,醫療保健
APOG,"Apogee Enterprises, Inc. - Common Stock",Industrials,工業
APP,Applovin Corporation - Class A Common Stock,Communication Services,通訊服務
APPF,"AppFolio, Inc. - Class A Common Stock",Information Technology,資訊科技
APPN,Appian Corporation - Class A Common Stock,Information Technology,資訊科技
APPS,"Digital Turbine, Inc. - Common Stock",Information Technology,資訊科技
APRE,"Aprea Therapeutics, Inc. - Common Stock",Health Care,醫療保健
APVO,Aptevo Therapeutics Inc. - Common Stock,Health Care,醫療保健
APYX,Apyx Medical Corporation - Common Stock,Health Care,醫療保健
AQB,"AquaBounty Technologies, Inc. - Common Stock",Consumer Staples,必需消費
AQMS,"Aqua Metals, Inc. - Common Stock",Industrials,工業
AQST,"Aquestive Therapeutics, Inc. - Common Stock",Health Care,醫療保健
ARAY,Accuray Incorporated - Common Stock,Health Care,醫療保健
ARCB,ArcBest Corporation - Common Stock,Industrials,工業
ARCT,Arcturus Therapeutics Holdings Inc. - Common Stock,Health Care,醫療保健
ARDX,"Ardelyx, Inc. - Common Stock",Health Care,醫療保健
AREB,"American Rebel Holdings, Inc. - Common Stock",Consumer Discretionary,非必需消費
AREC,American Resources Corporation - Class A Common Stock,Materials,原物料
ARHS,"Arhaus, Inc. - Class A Common Stock",Consumer Discretionary,非必需消費
ARKO,ARKO Corp. - Common Stock,Consumer Discretionary,非必需消費
ARKR,Ark Restaurants Corp. - Common Stock,Consumer Discretionary,非必需消費
AROW,Arrow Financial Corporation - Common Stock,Financials,金融
ARQ,"Arq, Inc. - Common Stock",Industrials,工業
ARQT,"Arcutis Biotherapeutics, Inc. - Common stock",Health Care,醫療保健
ARRY,"Array Technologies, Inc. - Common Stock",Information Technology,資訊科技
ARTL,"Artelo Biosciences, Inc. - Common Stock",Health Care,醫療保健
ARTNA,Artesian Resources Corporation - Class A Non-Voting Common Stock,Utilities,公用事業
ARTV,"Artiva Biotherapeutics, Inc. - Common Stock",Health Care,醫療保健
ARTW,"Art's-Way Manufacturing Co., Inc. - Common Stock",Industrials,工業
ARVN,"Arvinas, Inc. - Common Stock",Health Care,醫療保健
ARWR,"Arrowhead Pharmaceuticals, Inc. - Common Stock",Health Care,醫療保健
ASBP,"Aspire Biopharma Holdings, Inc.  - Common Stock",Health Care,醫療保健
ASLE,AerSale Corporation - Common Stock,Industrials,工業
ASMB,"Assembly Biosciences, Inc. - Common Stock",Health Care,醫療保健
ASNS,"Actelis Networks, Inc. - Common Stock",Information Technology,資訊科技
ASO,"Academy Sports and Outdoors, Inc. - Common Stock",Consumer Discretionary,非必需消費
ASPI,ASP Isotopes Inc. - Common Stock,Materials,原物料
ASPS,Altisource Portfolio Solutions S.A. - Common Stock,Real Estate,房地產
ASRT,"Assertio Holdings, Inc. - Common Stock",Health Care,醫療保健
ASRV,AmeriServ Financial Inc. - Common Stock,Financials,金融
ASST,Asset Entities Inc. - Class B Common Stock,Communication Services,通訊服務
ASTC,Astrotech Corporation - Common Stock,Information Technology,資訊科技
ASTE,"Astec Industries, Inc. - Common Stock",Industrials,工業
ASTH,Astrana Health Inc. - Common Stock,Health Care,醫療保健
ASTI,"Ascent Solar Technologies, Inc - Common Stock",Information Technology,資訊科技
ASTS,"AST SpaceMobile, Inc. - Class A Common Stock",Information Technology,資訊科技
ASUR,Asure Software Inc - Common Stock,Information Technology,資訊科技
ASYS,"Amtech Systems, Inc. - Common Stock",Information Technology,資訊科技
ATEC,"Alphatec Holdings, Inc. - Common Stock",Health Care,醫療保健
ATER,"Aterian, Inc. - Common Stock",Consumer Discretionary,非必需消費
ATEX,Anterix Inc. - Common Stock,Communication Services,通訊服務
ATHA,"Athira Pharma, Inc. - Common Stock",Health Care,醫療保健
ATHR,"Aether Holdings, Inc. - Common Stock",Information Technology,資訊科技
ATLC,Atlanticus Holdings Corporation - Common Stock,Financials,金融
ATLN,Atlantic International Corp. - Common Stock,Industrials,工業
ATLO,Ames National Corporation - Common Stock,Financials,金融
ATLX,Atlas Lithium Corporation - Common Stock,Materials,原物料
ATNF,180 Life Sciences Corp. - Common Stock,Health Care,醫療保健
ATNI,"ATN International, Inc. - Common Stock",Communication Services,通訊服務
ATOM,Atomera Incorporated - Common Stock,Information Technology,資訊科技
ATOS,"Atossa Therapeutics, Inc. - Common Stock",Health Care,醫療保健
ATPC,Agape ATP Corporation - Common Stock,Consumer Staples,必需消費
ATRA,"Atara Biotherapeutics, Inc. - Common Stock",Health Care,醫療保健
ATRC,"AtriCure, Inc. - Common Stock",Health Care,醫療保健
ATRO,Astronics Corporation - Common Stock,Industrials,工業
ATXG,Addentax Group Corp. - Common Stock,Industrials,工業
ATXS,"Astria Therapeutics, Inc. - Common Stock",Health Care,醫療保健
ATYR,"aTyr Pharma, Inc. - Common Stock",Health Care,醫療保健
AUBN,"Auburn National Bancorporation, Inc. - Common Stock",Financials,金融
AUID,authID Inc. - Common Stock,Information Technology,資訊科技
AUR,"Aurora Innovation, Inc.  - Class A Common Stock",Information Technology,資訊科技
AURA,"Aura Biosciences, Inc. - Common Stock",Health Care,醫療保健
AUUD,Auddia Inc. - Common Stock,Information Technology,資訊科技
AVAH,Aveanna Healthcare Holdings Inc. - Common Stock,Health Care,醫療保健
AVAV,"AeroVironment, Inc. - Common Stock",Industrials,工業
AVBP,"ArriVent BioPharma, Inc. - Common Stock",Health Care,醫療保健
AVDX,"AvidXchange Holdings, Inc. - Common Stock",Information Technology,資訊科技
AVGO,Broadcom Inc. - Common Stock,Information Technology,資訊科技
AVIR,"Atea Pharmaceuticals, Inc. - common stock",Health Care,醫療保健
AVNW,"Aviat Networks, Inc. - Common Stock",Information Technology,資訊科技
AVO,"Mission Produce, Inc. - Common Stock",Consumer Staples,必需消費
AVPT,"AvePoint, Inc. - Class A Common Stock",Information Technology,資訊科技
AVR,Anteris Technologies Global Corp. - Common Stock,Health Care,醫療保健
AVT,"Avnet, Inc. - Common Stock",Information Technology,資訊科技
AVTX,"Avalo Therapeutics, Inc. - Common Stock",Health Care,醫療保健
AVXL,Anavex Life Sciences Corp. - Common Stock,Health Care,醫療保健
AWRE,"Aware, Inc. - Common Stock",Information Technology,資訊科技
AXDX,"Accelerate Diagnostics, Inc. - Common Stock",Health Care,醫療保健
AXGN,"Axogen, Inc. - Common Stock",Health Care,醫療保健
AXON,"Axon Enterprise, Inc. - Common Stock",Industrials,工業
AXSM,"Axsome Therapeutics, Inc. - Common Stock",Health Care,醫療保健
AXTI,AXT Inc - Common Stock,Information Technology,資訊科技
AYRO,"AYRO, Inc. - Common Stock",Consumer Discretionary,非必需消費
AYTU,"Aytu BioPharma, Inc.  - Common Stock",Health Care,醫療保健
AZTA,"Azenta, Inc. - Common Stock",Health Care,醫療保健
BAER,"Bridger Aerospace Group Holdings, Inc. - Common Stock",Industrials,工業
BAFN,BayFirst Financial Corp. - Common Stock,Financials,金融
BAND,Bandwidth Inc. - Class A Common Stock,Information Technology,資訊科技
BANF,BancFirst Corporation - Common Stock,Financials,金融
BANR,Banner Corporation - Common Stock,Financials,金融
BASE,"Couchbase, Inc. - Common Stock",Information Technology,資訊科技
BATRA,"Atlanta Braves Holdings, Inc. - Series A Common Stock",Communication Services,通訊服務
BATRK,"Atlanta Braves Holdings, Inc. - Series C Common Stock",Communication Services,通訊服務
BBCP,"Concrete Pumping Holdings, Inc.  - Common Stock",Industrials,工業
BBGI,"Beasley Broadcast Group, Inc. - Class A Common Stock",Communication Services,通訊服務
BBIO,"BridgeBio Pharma, Inc. - Common Stock",Health Care,醫療保健
BBLG,Bone Biologics Corp - Common Stock,Health Care,醫療保健
BBNX,"Beta Bionics, Inc. - Common Stock",Health Care,醫療保健
BBSI,"Barrett Business Services, Inc. - Common Stock",Industrials,工業
BCAB,"BioAtla, Inc. - Common Stock",Health Care,醫療保健
BCAL,California BanCorp - Common Stock,Financials,金融
BCAX,Bicara Therapeutics Inc. - Common Stock,Health Care,醫療保健
BCBP,"BCB Bancorp, Inc. (NJ) - Common Stock",Financials,金融
BCDA,"BioCardia, Inc. - Common Stock",Health Care,醫療保健
BCG,"Binah Capital Group, Inc. - Common Stock",Financials,金融
BCLI,Brainstorm Cell Therapeutics Inc. - Common Stock,Health Care,醫療保健
BCML,BayCom Corp - Common Stock,Financials,金融
BCPC,Balchem Corporation - Common Stock,Materials,原物料
BCRX,"BioCryst Pharmaceuticals, Inc. - Common Stock",Health Care,醫療保健
BDSX,"Biodesix, Inc. - Common Stock",Health Care,醫療保健
BDTX,"Black Diamond Therapeutics, Inc. - Common Stock",Health Care,醫療保健
BEAM,Beam Therapeutics Inc. - Common Stock,Health Care,醫療保健
BEAT,"Heartbeam, Inc. - Common Stock",Health Care,醫療保健
BEEM,Beam Global - Common Stock,Information Technology,資訊科技
BELFA,Bel Fuse Inc. - Class A Common Stock,Information Technology,資訊科技
BELFB,Bel Fuse Inc. - Class B Common Stock,Information Technology,資訊科技
BENF,Beneficient - Class A Common Stock,Financials,金融
BETR,Better Home & Finance Holding Company - Class A Common Stock,Financials,金融
BFC,Bank First Corporation - Common Stock,Financials,金融
BFIN,BankFinancial Corporation - Common Stock,Financials,金融
BFRG,"Bullfrog AI Holdings, Inc. - Common Stock",Health Care,醫療保健
BFRI,Biofrontera Inc. - Common Stock,Health Care,醫療保健
BFST,"Business First Bancshares, Inc. - Common Stock",Financials,金融
BGC,"BGC Group, Inc. - Class A Common Stock",Financials,金融
BGFV,Big 5 Sporting Goods Corporation - Common Stock,Consumer Discretionary,非必需消費
BGLC,BioNexus Gene Lab Corp - Common stock,Materials,原物料
BHF,"Brighthouse Financial, Inc. - Common Stock",Financials,金融
BHRB,Burke & Herbert Financial Services Corp. - Common Stock,Financials,金融
BHST,BioHarvest Sciences Inc. - Common Stock,Consumer Staples,必需消費
BIAF,"bioAffinity Technologies, Inc. - Common Stock",Health Care,醫療保健
BIGC,"BigCommerce Holdings, Inc. - Series 1 Common Stock",Information Technology,資訊科技
BIIB,Biogen Inc. - Common Stock,Health Care,醫療保健
BIOA,"BioAge Labs, Inc. - Common Stock",Health Care,醫療保健
BIRD,"Allbirds, Inc. - Class A Common Stock",Consumer Discretionary,非必需消費
BITF,Bitfarms Ltd. - Common Stock,Financials,金融
BIVI,BioVie Inc. - Common stock,Health Care,醫療保健
BJDX,"Bluejay Diagnostics, Inc. - Common Stock",Health Care,醫療保健
BJRI,"BJ's Restaurants, Inc. - Common Stock",Consumer Discretionary,非必需消費
BKNG,Booking Holdings Inc. - Common Stock,Consumer Discretionary,非必需消費
BKR,Baker Hughes Company - Common Stock,Energy,能源
BKYI,"BIO-key International, Inc. - Common Stock",Industrials,工業
BL,"BlackLine, Inc. - Common Stock",Information Technology,資訊科技
BLBD,Blue Bird Corporation - Common Stock,Industrials,工業
BLBX,Blackboxstocks Inc. - Common Stock,Information Technology,資訊科技
BLDE,"Blade Air Mobility, Inc. - Class A Common Stock",Industrials,工業
BLFS,"BioLife Solutions, Inc. - Common Stock",Health Care,醫療保健
BLFY,Blue Foundry Bancorp - Common Stock,Financials,金融
BLIN,"Bridgeline Digital, Inc. - Common Stock",Information Technology,資訊科技
BLKB,"Blackbaud, Inc. - Common Stock",Information Technology,資訊科技
BLMN,"Bloomin' Brands, Inc. - Common Stock",Consumer Discretionary,非必需消費
BLNE,"Beeline Holdings, Inc. - Common Stock",Consumer Staples,必需消費
BLNK,Blink Charging Co. - Common Stock,Industrials,工業
BLUE,"bluebird bio, Inc. - Common Stock",Health Care,醫療保健
BLZE,"Backblaze, Inc. - Class A Common Stock",Information Technology,資訊科技
BMBL,Bumble Inc. - common stock,Communication Services,通訊服務
BMEA,"Biomea Fusion, Inc. - Common Stock",Health Care,醫療保健
BMRA,"Biomerica, Inc. - Common Stock",Health Care,醫療保健
BMRC,Bank of Marin Bancorp - Common Stock,Financials,金融
BMRN,BioMarin Pharmaceutical Inc. - Common Stock,Health Care,醫療保健
BNAI,Brand Engagement Network Inc. - Common Stock,Information Technology,資訊科技
BNGO,"Bionano Genomics, Inc. - Common Stock",Health Care,醫療保健
BNTC,Benitec Biopharma Inc. - Common Stock,Health Care,醫療保健
BNZI,"Banzai International, Inc. - Class A Common Stock",Information Technology,資訊科技
BOF,BranchOut Food Inc. - Common Stock,Consumer Staples,必需消費
BOKF,BOK Financial Corporation - Common Stock,Financials,金融
BOLD,"Boundless Bio, Inc. - Common Stock",Health Care,醫療保健
BOLT,"Bolt Biotherapeutics, Inc. - Common Stock",Health Care,醫療保健
BOOM,DMC Global Inc. - Common Stock,Industrials,工業
BOTJ,"Bank of the James Financial Group, Inc. - Common Stock",Financials,金融
BOXL,Boxlight Corporation - Class A Common Stock,Information Technology,資訊科技
BPMC,Blueprint Medicines Corporation - Common Stock,Health Care,醫療保健
BPOP,"Popular, Inc. - Common Stock",Financials,金融
BPRN,"Princeton Bancorp, Inc. - Common Stock",Financials,金融
BRFH,Barfresh Food Group Inc. - Common Stock,Consumer Staples,必需消費
BRID,Bridgford Foods Corporation - Common Stock,Consumer Staples,必需消費
BRKL,"Brookline Bancorp, Inc. - Common Stock",Financials,金融
BRKR,Bruker Corporation - Common Stock,Health Care,醫療保健
BRLT,"Brilliant Earth Group, Inc. - Class A Common Stock",Consumer Discretionary,非必需消費
BRTX,"BioRestorative Therapies, Inc. - Common Stock",Health Care,醫療保健
BRY,Berry Corporation (bry) - Common Stock,Energy,能源
BRZE,"Braze, Inc. - Class A Common Stock",Information Technology,資訊科技
BSBK,Bogota Financial Corp. - Common Stock,Financials,金融
BSET,"Bassett Furniture Industries, Incorporated - Common Stock",Consumer Discretionary,非必需消費
BSGM,"BioSig Technologies, Inc. - Common Stock",Health Care,醫療保健
BSLK,"Bolt Projects Holdings, Inc. - Common Stock",Materials,原物料
BSRR,Sierra Bancorp - Common Stock,Financials,金融
BSVN,Bank7 Corp. - Common stock,Financials,金融
BSY,"Bentley Systems, Incorporated - Class B Common Stock",Information Technology,資訊科技
BTAI,"BioXcel Therapeutics, Inc. - Common Stock",Health Care,醫療保健
BTBD,"BT Brands, Inc. - Common Stock",Consumer Discretionary,非必需消費
BTCS,BTCS Inc. - Common Stock,Financials,金融
BTM,Bitcoin Depot Inc. - Class A Common Stock,Financials,金融
BTMD,Biote Corp. - Class A common stock,Health Care,醫療保健
BTOC,Armlogi Holding Corp. - common stock,Industrials,工業
BTSG,"BrightSpring Health Services, Inc. - Common Stock",Health Care,醫療保健
BUSE,First Busey Corporation - Common Stock,Financials,金融
BVFL,"BV Financial, Inc. - Common Stock",Financials,金融
BVS,Bioventus Inc. - Class A Common Stock,Health Care,醫療保健
BWB,"Bridgewater Bancshares, Inc. - Common Stock",Financials,金融
BWEN,"Broadwind, Inc. - Common Stock",Industrials,工業
BWFG,"Bankwell Financial Group, Inc. - Common Stock",Financials,金融
BWIN,"The Baldwin Insurance Group, Inc. - Class A Common Stock",Financials,金融
BWMN,Bowman Consulting Group Ltd. - Common Stock,Industrials,工業
BYFC,Broadway Financial Corporation - Class A Common Stock,Financials,金融
BYND,"Beyond Meat, Inc. - Common stock",Consumer Staples,必需消費
BYRN,"Byrna Technologies, Inc. - Common Stock",Industrials,工業
BZAI,"Blaize Holdings, Inc. - Common Stock",Information Technology,資訊科技
BZFD,"BuzzFeed, Inc. - Class A Common Stock",Communication Services,通訊服務
CAAS,"China Automotive Systems, Inc. - Common Stock",Consumer Discretionary,非必需消費
CABA,"Cabaletta Bio, Inc. - Common Stock",Health Care,醫療保健
CAC,Camden National Corporation - Common Stock,Financials,金融
CACC,Credit Acceptance Corporation - Common Stock,Financials,金融
CADL,"Candel Therapeutics, Inc. - Common Stock",Health Care,醫療保健
CAKE,The Cheesecake Factory Incorporated - Common Stock,Consumer Discretionary,非必需消費
CALC,"CalciMedica, Inc. - Common Stock",Health Care,醫療保健
CALM,"Cal-Maine Foods, Inc. - Common Stock",Consumer Staples,必需消費
CAMP,CAMP4 Therapeutics Corporation - Common Stock,Health Care,醫療保健
CAPR,"Capricor Therapeutics, Inc. - Common Stock",Health Care,醫療保健
CAPS,Capstone Holding Corp. - Common Stock,Materials,原物料
CAR,"Avis Budget Group, Inc. - Common Stock",Industrials,工業
CARE,"Carter Bankshares, Inc. - Common Stock",Financials,金融
CARG,"CarGurus, Inc. - Class A Common Stock",Consumer Discretionary,非必需消費
CARM,"Carisma Therapeutics, Inc. - Common Stock",Health Care,醫療保健
CART,Maplebear Inc. - Common Stock,Consumer Discretionary,非必需消費
CARV,"Carver Bancorp, Inc. - Common Stock",Financials,金融
CASH,"Pathward Financial, Inc. - Common Stock",Financials,金融
CASK,"Heritage Distilling Holding Company, Inc. - Common Stock",Consumer Staples,必需消費
CASS,"Cass Information Systems, Inc - Common Stock",Industrials,工業
CASY,"Caseys General Stores, Inc. - Common Stock",Consumer Discretionary,非必需消費
CATY,Cathay General Bancorp - Common Stock,Financials,金融
CBAT,"CBAK Energy Technology, Inc. - Common Stock",Industrials,工業
CBFV,"CB Financial Services, Inc. - Common Stock",Financials,金融
CBLL,"CeriBell, Inc. - Common Stock",Health Care,醫療保健
CBNK,"Capital Bancorp, Inc. - Common Stock",Financials,金融
CBRL,"Cracker Barrel Old Country Store, Inc. - Common Stock",Consumer Discretionary,非必需消費
CBSH,"Commerce Bancshares, Inc. - Common Stock",Financials,金融
CBUS,"Cibus, Inc. - Class A Common Stock",Health Care,醫療保健
CCAP,"Crescent Capital BDC, Inc. - Common Stock",Financials,金融
CCB,Coastal Financial Corporation - Common Stock,Financials,金融
CCBG,Capital City Bank Group - Common Stock,Financials,金融
CCCC,"C4 Therapeutics, Inc. - Common Stock",Health Care,醫療保健
CCCS,CCC Intelligent Solutions Holdings Inc. - Common Stock,Information Technology,資訊科技
CCLD,"CareCloud, Inc. - Common Stock",Health Care,醫療保健
CCNE,CNB Financial Corporation - Common Stock,Financials,金融
CCOI,"Cogent Communications Holdings, Inc. - Common Stock",Communication Services,通訊服務
CCRN,"Cross Country Healthcare, Inc. - Common Stock",Health Care,醫療保健
CCSI,"Consensus Cloud Solutions, Inc. - Common Stock",Information Technology,資訊科技
CDIO,Cardio Diagnostics Holdings Inc. - Common stock,Health Care,醫療保健
CDLX,"Cardlytics, Inc. - Common Stock",Communication Services,通訊服務
CDNA,"CareDx, Inc. - Common Stock",Health Care,醫療保健
CDNS,"Cadence Design Systems, Inc. - Common Stock",Information Technology,資訊科技
CDT,Conduit Pharmaceuticals Inc.  - Common Stock,Health Care,醫療保健
CDTX,"Cidara Therapeutics, Inc. - Common Stock",Health Care,醫療保健
CDW,CDW Corporation - Common Stock,Information Technology,資訊科技
CDXS,"Codexis, Inc. - Common Stock",Health Care,醫療保健
CDZI,"Cadiz, Inc. - Common Stock",Utilities,公用事業
CEAD,CEA Industries Inc. - Common Stock,Industrials,工業
CECO,CECO Environmental Corp. - Common Stock,Industrials,工業
CEG,Constellation Energy Corporation - Common Stock,Utilities,公用事業
CELC,Celcuity Inc. - Common Stock,Health Care,醫療保健
CELH,"Celsius Holdings, Inc. - Common Stock",Consumer Staples,必需消費
CELU,Celularity Inc. - Class A Common Stock,Health Care,醫療保健
CELZ,"Creative Medical Technology Holdings, Inc. - Common Stock",Health Care,醫療保健
CENN,Cenntro Inc. - Common Stock,Consumer Discretionary,非必需消費
CENT,Central Garden & Pet Company - Common Stock,Consumer Staples,必需消費
CENTA,Central Garden & Pet Company - Class A Common Stock Nonvoting,Consumer Staples,必需消費
CENX,Century Aluminum Company - Common Stock,Materials,原物料
CERO,"CERo Therapeutics Holdings, Inc. - Common Stock",Health Care,醫療保健
CERS,Cerus Corporation - Common Stock,Health Care,醫療保健
CERT,"Certara, Inc. - Common Stock",Health Care,醫療保健
CETX,Cemtrex Inc. - Common Stock,Information Technology,資訊科技
CETY,"Clean Energy Technologies, Inc. - Common Stock",Industrials,工業
CEVA,"CEVA, Inc. - Common Stock",Information Technology,資訊科技
CFBK,CF Bankshares Inc. - Common Stock,Financials,金融
CFFI,C&F Financial Corporation - Common Stock,Financials,金融
CFFN,"Capitol Federal Financial, Inc. - Common Stock",Financials,金融
CFLT,"Confluent, Inc. - Class A Common Stock",Information Technology,資訊科技
CFSB,"CFSB Bancorp, Inc. - Common Stock",Financials,金融
CG,The Carlyle Group Inc. - Common Stock,Financials,金融
CGEM,"Cullinan Therapeutics, Inc. - Common Stock",Health Care,醫療保健
CGNX,Cognex Corporation - Common Stock,Information Technology,資訊科技
CGON,"CG Oncology, Inc. - Common stock",Health Care,醫療保健
CGTX,"Cognition Therapeutics, Inc. - Common Stock",Health Care,醫療保健
CHCI,"Comstock Holding Companies, Inc. - Class A Common Stock",Real Estate,房地產
CHCO,City Holding Company - Common Stock,Financials,金融
CHDN,"Churchill Downs, Incorporated - Common Stock",Consumer Discretionary,非必需消費
CHEF,"The Chefs' Warehouse, Inc. - Common Stock",Consumer Staples,必需消費
CHMG,Chemung Financial Corp  - Common Stock,Financials,金融
CHRD,Chord Energy Corporation - Common Stock,Energy,能源
CHRS,"Coherus BioSciences, Inc. - Common Stock",Health Care,醫療保健
CHRW,"C.H. Robinson Worldwide, Inc. - Common Stock",Industrials,工業
CHTR,"Charter Communications, Inc. - Class A Common Stock",Communication Services,通訊服務
CHX,ChampionX Corporation - Common Stock,Energy,能源
CIFR,Cipher Mining Inc. - Common Stock,Financials,金融
CIIT,"Tianci International, Inc. - Common Stock",Information Technology,資訊科技
CINF,Cincinnati Financial Corporation - Common Stock,Financials,金融
CING,Cingulate Inc. - Common Stock,Health Care,醫療保健
CISO,"CISO Global, Inc. - Common Stock",Information Technology,資訊科技
CISS,C3is Inc. - Common Stock,Industrials,工業
CIVB,"Civista Bancshares, Inc.  - Common Stock",Financials,金融
CJMB,Callan JMB Inc. - Common Stock,Industrials,工業
CKPT,"Checkpoint Therapeutics, Inc. - Common Stock",Health Care,醫療保健
CLAR,Clarus Corporation - Common Stock,Consumer Discretionary,非必需消費
CLBK,"Columbia Financial, Inc. - Common Stock",Financials,金融
CLDX,"Celldex Therapeutics, Inc. - Common Stock",Health Care,醫療保健
CLFD,"Clearfield, Inc. - Common Stock",Information Technology,資訊科技
CLIR,ClearSign Technologies Corporation - Common Stock,Industrials,工業
CLMB,"Climb Global Solutions, Inc. - Common Stock",Information Technology,資訊科技
CLMT,"Calumet, Inc - Common Stock",Materials,原物料
CLNE,Clean Energy Fuels Corp. - Common Stock,Energy,能源
CLNN,Clene Inc. - Common Stock,Consumer Staples,必需消費
CLOV,"Clover Health Investments, Corp.  - Class A Common stock",Health Care,醫療保健
CLPS,CLPS Incorporation - Common Stock,Information Technology,資訊科技
CLPT,ClearPoint Neuro Inc. - Common Stock,Health Care,醫療保健
CLRB,"Cellectar Biosciences, Inc. - Common Stock",Health Care,醫療保健
CLRO,"ClearOne, Inc. - Common Stock",Information Technology,資訊科技
CLSD,"Clearside Biomedical, Inc. - Common Stock",Health Care,醫療保健
CLSK,"CleanSpark, Inc. - Common Stock",Financials,金融
CLST,"Catalyst Bancorp, Inc. - common stock",Financials,金融
CLYM,"Climb Bio, Inc. - Common Stock",Health Care,醫療保健
CMCO,Columbus McKinnon Corporation - Common Stock,Industrials,工業
CMCSA,Comcast Corporation - Class A Common Stock,Communication Services,通訊服務
CMCT,Creative Media  - Common Stock,Real Estate,房地產
CME,CME Group Inc. - Class A Common Stock,Financials,金融
CMLS,Cumulus Media Inc. - Class A Common Stock,Communication Services,通訊服務
CMPO,"CompoSecure, Inc.  - Class A Common Stock",Industrials,工業
CMPX,"Compass Therapeutics, Inc. - Common Stock",Health Care,醫療保健
CMTL,Comtech Telecommunications Corp. - Common Stock,Information Technology,資訊科技
CNDT,Conduent Incorporated - Common Stock,Information Technology,資訊科技
CNET,ZW Data Action Technologies Inc. - Common Stock,Communication Services,通訊服務
CNFR,"Conifer Holdings, Inc. - Common Stock",Financials,金融
CNOB,"ConnectOne Bancorp, Inc. - Common Stock",Financials,金融
CNSP,"CNS Pharmaceuticals, Inc. - Common Stock",Health Care,醫療保健
CNTM,"ConnectM Technology Solutions, Inc. - Common Stock",Information Technology,資訊科技
CNTX,Context Therapeutics Inc. - Common Stock,Health Care,醫療保健
CNTY,"Century Casinos, Inc. - Common Stock",Consumer Discretionary,非必需消費
CNVS,Cineverse Corp. - Class A Common Stock,Communication Services,通訊服務
CNXC,Concentrix Corporation - Common Stock,Information Technology,資訊科技
CNXN,"PC Connection, Inc. - Common Stock",Information Technology,資訊科技
COCH,"Envoy Medical, Inc. - Class A Common Stock",Health Care,醫療保健
COCO,"The Vita Coco Company, Inc. - Common Stock",Consumer Staples,必需消費
COCP,"Cocrystal Pharma, Inc. - Common Stock",Health Care,醫療保健
CODA,"Coda Octopus Group, Inc. - Common stock",Industrials,工業
CODX,"Co-Diagnostics, Inc. - Common Stock",Health Care,醫療保健
COEP,"Coeptis Therapeutics Holdings, Inc. - Common Stock",Health Care,醫療保健
COFS,"ChoiceOne Financial Services, Inc. - Common Stock",Financials,金融
COGT,"Cogent Biosciences, Inc. - Common Stock",Health Care,醫療保健
COHU,"Cohu, Inc. - Common Stock",Information Technology,資訊科技
COIN,"Coinbase Global, Inc. - Class A Common Stock",Financials,金融
COKE,"Coca-Cola Consolidated, Inc. - Common Stock",Consumer Staples,必需消費
COLB,"Columbia Banking System, Inc. - Common Stock",Financials,金融
COLL,"Collegium Pharmaceutical, Inc. - Common Stock",Health Care,醫療保健
COLM,Columbia Sportswear Company - Common Stock,Consumer Discretionary,非必需消費
COMM,"CommScope Holding Company, Inc. - Common Stock",Information Technology,資訊科技
COO,"The Cooper Companies, Inc.  - Common Stock",Health Care,醫療保健
COOP,Mr. Cooper Group Inc. - Common Stock,Financials,金融
CORT,Corcept Therapeutics Incorporated - Common Stock,Health Care,醫療保健
CORZ,"Core Scientific, Inc. - Common Stock",Information Technology,資訊科技
COSM,Cosmos Health Inc. - Common Stock,Health Care,醫療保健
COST,Costco Wholesale Corporation - Common Stock,Consumer Staples,必需消費
COYA,"Coya Therapeutics, Inc. - Common Stock",Health Care,醫療保健
CPB,The Campbell's Company - Common Stock,Consumer Staples,必需消費
CPBI,"Central Plains Bancshares, Inc. - Common Stock",Financials,金融
CPHC,Canterbury Park Holding Corporation - Common Stock,Consumer Discretionary,非必需消費
CPIX,Cumberland Pharmaceuticals Inc. - Common Stock,Health Care,醫療保健
CPRT,"Copart, Inc. - Common Stock",Industrials,工業
CPRX,"Catalyst Pharmaceuticals, Inc. - Common Stock",Health Care,醫療保健
CPSH,CPS Technologies Corp. - Common Stock,Information Technology,資訊科技
CPSS,"Consumer Portfolio Services, Inc. - Common Stock",Financials,金融
CRAI,"CRA International,Inc. - Common Stock",Industrials,工業
CRBP,"Corbus Pharmaceuticals Holdings, Inc. - Common Stock",Health Care,醫療保健
CRBU,"Caribou Biosciences, Inc. - Common Stock",Health Care,醫療保健
CRCT,"Cricut, Inc. - Class A common stock",Information Technology,資訊科技
CRDF,"Cardiff Oncology, Inc. - Common Stock",Health Care,醫療保健
CREG,Smart Powerr Corp. - Common Stock,Utilities,公用事業
CRESY,"Cresud S.A.C.I.F. y A. - American Depositary Shares, each representing ten shares of Common Stock",Industrials,工業
CREX,"Creative Realities, Inc. - Common Stock",Information Technology,資訊科技
CRGX,"CARGO Therapeutics, Inc. - Common Stock",Health Care,醫療保健
CRIS,"Curis, Inc. - Common Stock",Health Care,醫療保健
CRMD,CorMedix Inc. - Common Stock,Health Care,醫療保健
CRMT,"America's Car-Mart, Inc. - Common Stock",Consumer Discretionary,非必需消費
CRNC,Cerence Inc. - Common Stock,Information Technology,資訊科技
CRNX,"Crinetics Pharmaceuticals, Inc. - Common Stock",Health Care,醫療保健
CROX,"Crocs, Inc. - Common Stock",Consumer Discretionary,非必需消費
CRSR,"Corsair Gaming, Inc. - Common Stock",Information Technology,資訊科技
CRUS,"Cirrus Logic, Inc. - Common Stock",Information Technology,資訊科技
CRVL,CorVel Corp. - Common Stock,Financials,金融
CRVO,CervoMed Inc. - Common Stock,Health Care,醫療保健
CRVS,"Corvus Pharmaceuticals, Inc. - Common Stock",Health Care,醫療保健
CRWD,"CrowdStrike Holdings, Inc. - Class A Common Stock",Information Technology,資訊科技
CRWS,"Crown Crafts, Inc. - Common Stock",Consumer Discretionary,非必需消費
CRWV,"CoreWeave, Inc. - Class A Common Stock",Information Technology,資訊科技
CSAI,"Cloudastructure, Inc. - Class A Common Stock",Information Technology,資訊科技
CSBR,"Champions Oncology, Inc. - Common Stock",Health Care,醫療保健
CSCI,COSCIENS Biopharma Inc.  - Common Stock,Health Care,醫療保健
CSCO,"Cisco Systems, Inc. - Common Stock",Information Technology,資訊科技
CSGP,"CoStar Group, Inc. - Common Stock",Real Estate,房地產
CSGS,"CSG Systems International, Inc. - Common Stock",Information Technology,資訊科技
CSPI,CSP Inc. - Common Stock,Information Technology,資訊科技
CSTL,"Castle Biosciences, Inc. - Common stock",Health Care,醫療保健
CSWC,Capital Southwest Corporation - Common Stock,Financials,金融
CSWI,"CSW Industrials, Inc. - Common Stock",Industrials,工業
CSX,CSX Corporation - Common Stock,Industrials,工業
CTAS,Cintas Corporation - Common Stock,Industrials,工業
CTBI,"Community Trust Bancorp, Inc. - Common Stock",Financials,金融
CTKB,"Cytek Biosciences, Inc. - Common Stock",Health Care,醫療保健
CTLP,"Cantaloupe, Inc. - Common Stock",Information Technology,資訊科技
CTMX,"CytomX Therapeutics, Inc. - Common Stock",Health Care,醫療保健
CTNM,"Contineum Therapeutics, Inc. - Common stock",Health Care,醫療保健
CTNT,Cheetah Net Supply Chain Service Inc. - Class A Common Stock,Industrials,工業
CTOR,"Citius Oncology, Inc.  - Common Stock",Health Care,醫療保健
CTRN,"Citi Trends, Inc. - Common Stock",Consumer Discretionary,非必需消費
CTSH,Cognizant Technology Solutions Corporation - Class A Common Stock,Information Technology,資訊科技
CTSO,Cytosorbents Corporation - Common Stock,Health Care,醫療保健
CTXR,"Citius Pharmaceuticals, Inc. - Common Stock",Health Care,醫療保健
CUE,"Cue Biopharma, Inc. - Common Stock",Health Care,醫療保健
CURI,CuriosityStream Inc.  - Class A Common Stock,Communication Services,通訊服務
CVBF,CVB Financial Corporation - Common Stock,Financials,金融
CVCO,"Cavco Industries, Inc. - Common Stock",Consumer Discretionary,非必需消費
CVGI,"Commercial Vehicle Group, Inc. - Common Stock",Consumer Discretionary,非必需消費
CVGW,"Calavo Growers, Inc. - Common Stock",Consumer Staples,必需消費
CVKD,"Cadrenal Therapeutics, Inc. - Common Stock",Health Care,醫療保健
CVLT,"Commvault Systems, Inc. - Common Stock",Information Technology,資訊科技
CVRX,"CVRx, Inc. - Common Stock",Health Care,醫療保健
CVV,CVD Equipment Corporation - Common Stock,Industrials,工業
CWBC,Community West Bancshares - Common Stock,Financials,金融
CWD,CaliberCos Inc. - Class A Common Stock,Financials,金融
CWST,"Casella Waste Systems, Inc. - Class A Common Stock",Industrials,工業
CXAI,CXApp Inc. - Class A Common Stock,Information Technology,資訊科技
CXDO,"Crexendo, Inc. - Common Stock",Communication Services,通訊服務
CYCC,"Cyclacel Pharmaceuticals, Inc. - Common Stock",Health Care,醫療保健
CYCN,"Cyclerion Therapeutics, Inc. - Common Stock",Health Care,醫療保健
CYCU,"Cycurion, Inc. - Common Stock",Information Technology,資訊科技
CYN,Cyngn Inc. - Common stock,Information Technology,資訊科技
CYRX,"CryoPort, Inc. - Common Stock",Industrials,工業
CYTK,"Cytokinetics, Incorporated - Common Stock",Health Care,醫療保健
CZFS,"Citizens Financial Services, Inc. - Common Stock",Financials,金融
CZNC,Citizens & Northern Corp - Common Stock,Financials,金融
CZR,"Caesars Entertainment, Inc. - Common Stock",Consumer Discretionary,非必需消費
CZWI,"Citizens Community Bancorp, Inc. - Common Stock",Financials,金融
DAIO,Data I/O Corporation - Common Stock,Information Technology,資訊科技
DAKT,"Daktronics, Inc. - Common Stock",Information Technology,資訊科技
DALN,DallasNews Corporation - Series A Common Stock,Communication Services,通訊服務
DARE,"Dare Bioscience, Inc. - Common Stock",Health Care,醫療保健
DASH,"DoorDash, Inc. - Common Stock",Consumer Discretionary,非必需消費
DATS,"DatChat, Inc. - Common Stock",Information Technology,資訊科技
DAVE,Dave Inc.  - Class A Common Stock,Information Technology,資訊科技
DAWN,"Day One Biopharmaceuticals, Inc. - Common Stock",Health Care,醫療保健
DBX,"Dropbox, Inc. - Class A Common Stock",Information Technology,資訊科技
DCGO,DocGo Inc. - Common Stock,Health Care,醫療保健
DCOM,"Dime Community Bancshares, Inc. - Common Stock",Financials,金融
DCTH,"Delcath Systems, Inc. - Common Stock",Health Care,醫療保健
DDOG,"Datadog, Inc. - Class A Common Stock",Information Technology,資訊科技
DENN,Denny's Corporation - Common Stock,Consumer Discretionary,非必需消費
DERM,Journey Medical Corporation - Common Stock,Health Care,醫療保健
DEVS,DevvStream Corp. - Common Stock,Industrials,工業
DFLI,Dragonfly Energy Holdings Corp - Common Stock,Industrials,工業
DGICA,"Donegal Group, Inc. - Class A Common Stock",Financials,金融
DGICB,"Donegal Group, Inc. - Class B Common Stock",Financials,金融
DGII,Digi International Inc. - Common Stock,Information Technology,資訊科技
DGLY,"Digital Ally, Inc. - Common Stock",Communication Services,通訊服務
DH,Definitive Healthcare Corp. - Class A Common Stock,Health Care,醫療保健
DHAI,"DIH Holding US, Inc. - Class A Common Stock",Health Care,醫療保健
DHIL,"Diamond Hill Investment Group, Inc. - Class A Common Stock",Financials,金融
DIBS,"1stdibs.com, Inc. - Common Stock",Consumer Discretionary,非必需消費
DIOD,Diodes Incorporated - Common Stock,Information Technology,資訊科技
DJCO,Daily Journal Corp. (S.C.) - Common Stock,Information Technology,資訊科技
DJT,Trump Media & Technology Group Corp. - Common Stock,Communication Services,通訊服務
DKNG,DraftKings Inc. - Class A Common Stock,Consumer Discretionary,非必需消費
DLHC,DLH Holdings Corp. - Common Stock,Industrials,工業
DLPN,"Dolphin Entertainment, Inc. - Common Stock",Communication Services,通訊服務
DLTH,Duluth Holdings Inc. - Class B Common Stock,Consumer Discretionary,非必需消費
DLTR,"Dollar Tree, Inc. - Common Stock",Consumer Staples,必需消費
DMAC,DiaMedica Therapeutics Inc. - Common Stock,Health Care,醫療保健
DMN,Damon Inc. - Common Stock,Consumer Discretionary,非必需消費
DMRC,Digimarc Corporation - Common Stock,Information Technology,資訊科技
DNLI,Denali Therapeutics Inc. - Common Stock,Health Care,醫療保健
DNTH,"Dianthus Therapeutics, Inc. - Common Stock",Health Care,醫療保健
DNUT,"Krispy Kreme, Inc. - Common Stock",Consumer Staples,必需消費
DOCU,"DocuSign, Inc. - Common Stock",Information Technology,資訊科技
DOGZ,Dogness (International) Corporation - Class A Common Stock,Consumer Discretionary,非必需消費
DOMH,Dominari Holdings Inc. - Common Stock,Financials,金融
DOMO,"Domo, Inc. - Class B Common Stock",Information Technology,資訊科技
DORM,"Dorman Products, Inc. - Common Stock",Consumer Discretionary,非必需消費
DPZ,Domino's Pizza Inc - Common Stock,Consumer Discretionary,非必需消費
DRCT,"Direct Digital Holdings, Inc. - Class A Common Stock",Communication Services,通訊服務
DRIO,DarioHealth Corp. - Common Stock,Health Care,醫療保健
DRMA,"Dermata Therapeutics, Inc. - Common Stock",Health Care,醫療保健
DRRX,DURECT Corporation - Common Stock,Health Care,醫療保健
DRS,"Leonardo DRS, Inc. - Common Stock",Industrials,工業
DRUG,Bright Minds Biosciences Inc. - common stock,Health Care,醫療保健
DRVN,Driven Brands Holdings Inc. - Common Stock,Consumer Discretionary,非必需消費
DSGN,"Design Therapeutics, Inc. - Common Stock",Health Care,醫療保健
DSGR,"Distribution Solutions Group, Inc. - Common Stock",Industrials,工業
DSGX,The Descartes Systems Group Inc. - Common Stock,Information Technology,資訊科技
DSP,Viant Technology Inc. - common stock,Information Technology,資訊科技
DTI,Drilling Tools International Corporation  - Common Stock,Energy,能源
DTIL,"Precision BioSciences, Inc. - Common Stock",Health Care,醫療保健
DTSS,Datasea Inc. - Common Stock,Information Technology,資訊科技
DTST,Data Storage Corporation - Common Stock,Information Technology,資訊科技
DUOL,"Duolingo, Inc. - Class A Common Stock",Information Technology,資訊科技
DUOT,"Duos Technologies Group, Inc. - Common Stock",Information Technology,資訊科技
DVAX,Dynavax Technologies Corporation - Common Stock,Health Care,醫療保健
DVLT,Datavault AI Inc. - Common Stock,Information Technology,資訊科技
DWSN,Dawson Geophysical Company - Common Stock,Energy,能源
DWTX,"Dogwood Therapeutics, Inc.  - Common Stock",Health Care,醫療保健
DXCM,"DexCom, Inc. - Common Stock",Health Care,醫療保健
DXLG,"Destination XL Group, Inc. - Common Stock",Consumer Discretionary,非必需消費
DXPE,"DXP Enterprises, Inc. - Common Stock",Industrials,工業
DYAI,"Dyadic International, Inc. - Common Stock",Health Care,醫療保健
DYN,"Dyne Therapeutics, Inc. - Common Stock",Health Care,醫療保健
EA,Electronic Arts Inc. - Common Stock,Communication Services,通訊服務
EBAY,eBay Inc. - Common Stock,Consumer Discretionary,非必需消費
EBC,"Eastern Bankshares, Inc. - Common Stock",Financials,金融
EBMT,"Eagle Bancorp Montana, Inc. - Common Stock",Financials,金融
EBTC,Enterprise Bancorp Inc - Common Stock,Financials,金融
ECBK,"ECB Bancorp, Inc. - Common Stock",Financials,金融
ECDA,"ECD Automotive Design, Inc. - Common Stock",Consumer Discretionary,非必需消費
ECOR,"electroCore, Inc. - Common Stock",Health Care,醫療保健
ECPG,Encore Capital Group Inc - Common Stock,Financials,金融
EDBL,Edible Garden AG Incorporated - Common Stock,Consumer Staples,必需消費
EDIT,"Editas Medicine, Inc. - Common Stock",Health Care,醫療保健
EDUC,Educational Development Corporation - Common Stock,Communication Services,通訊服務
EEFT,"Euronet Worldwide, Inc. - Common Stock",Information Technology,資訊科技
EEIQ,EpicQuest Education Group International Limited - Common Stock,Consumer Staples,必需消費
EFOI,"Energy Focus, Inc. - Common Stock",Consumer Discretionary,非必需消費
EFSC,Enterprise Financial Services Corporation - Common Stock,Financials,金融
EFSI,Eagle Financial Services Inc - Common Stock,Financials,金融
EGAN,eGain Corporation - Common Stock,Information Technology,資訊科技
EGBN,"Eagle Bancorp, Inc. - Common Stock",Financials,金融
EGHT,8x8 Inc - Common stock,Information Technology,資訊科技
EHLD,Euroholdings Ltd. - Common Stock,Industrials,工業
EHTH,"eHealth, Inc. - Common Stock",Financials,金融
EKSO,"Ekso Bionics Holdings, Inc. - Common Stock",Health Care,醫療保健
ELAB,PMGC Holdings Inc. - Common Stock,Health Care,醫療保健
ELBM,Electra Battery Materials Corporation - Common Stock,Materials,原物料
ELDN,"Eledon Pharmaceuticals, Inc. - Common Stock",Health Care,醫療保健
ELEV,"Elevation Oncology, Inc. - Common stock",Health Care,醫療保健
ELSE,"Electro-Sensors, Inc. - Common Stock",Information Technology,資訊科技
ELTX,"Elicio Therapeutics, Inc. - Common Stock",Health Care,醫療保健
ELUT,"Elutia, Inc. - Class A Common Stock",Health Care,醫療保健
ELVN,"Enliven Therapeutics, Inc.  - Common Stock",Health Care,醫療保健
EMBC,Embecta Corp. - Common Stock,Health Care,醫療保健
EML,Eastern Company (The) - Common Stock,Industrials,工業
ENGN,enGene Holdings Inc. - Common Stock,Health Care,醫療保健
ENPH,"Enphase Energy, Inc. - Common Stock",Information Technology,資訊科技
ENSC,"Ensysce Biosciences, Inc. - Common Stock",Health Care,醫療保健
ENSG,"The Ensign Group, Inc. - Common Stock",Health Care,醫療保健
ENTA,"Enanta Pharmaceuticals, Inc. - Common Stock",Health Care,醫療保健
ENTG,"Entegris, Inc. - Common Stock",Information Technology,資訊科技
ENTO,Entero Therapeutics Inc. - Common Stock,Health Care,醫療保健
ENVB,"Enveric Biosciences, Inc.  - Common Stock",Health Care,醫療保健
ENVX,Enovix Corporation - Common Stock,Industrials,工業
EOLS,"Evolus, Inc. - Common Stock",Health Care,醫療保健
EOSE,"Eos Energy Enterprises, Inc. - Common Stock",Industrials,工業
EPIX,ESSA Pharma Inc. - Common Stock,Health Care,醫療保健
EPRX,Eupraxia Pharmaceuticals Inc. - Common Stock,Health Care,醫療保健
EQ,"Equillium, Inc. - Common Stock",Health Care,醫療保健
EQIX,"Equinix, Inc. - Common Stock",Real Estate,房地產
ERAS,"Erasca, Inc. - Common Stock",Health Care,醫療保健
ERIE,Erie Indemnity Company - Class A Common Stock,Financials,金融
ERII,"Energy Recovery, Inc. - Common Stock",Industrials,工業
ERNA,Ernexa Therapeutics Inc. - Common Stock,Health Care,醫療保健
ESCA,"Escalade, Incorporated - Common Stock",Consumer Discretionary,非必需消費
ESEA,Euroseas Ltd. - Common Stock,Industrials,工業
ESHA,ESH Acquisition Corp. - Class A Common Stock,Financials,金融
ESLA,"Estrella Immunopharma, Inc. - Common Stock",Health Care,醫療保健
ESOA,Energy Services of America Corporation - Common Stock,Industrials,工業
ESPR,"Esperion Therapeutics, Inc. - Common Stock",Health Care,醫療保健
ESQ,"Esquire Financial Holdings, Inc. - Common Stock",Financials,金融
ESSA,"ESSA Bancorp, Inc. - common stock",Financials,金融
ETNB,"89bio, Inc. - Common Stock",Health Care,醫療保健
ETON,"Eton Pharmaceuticals, Inc. - Common Stock",Health Care,醫療保健
ETSY,"Etsy, Inc. - Common Stock",Consumer Discretionary,非必需消費
EU,enCore Energy Corp. - Common Stock,Energy,能源
EVCM,EverCommerce Inc. - Common Stock,Information Technology,資訊科技
EVER,"EverQuote, Inc. - Class A Common Stock",Communication Services,通訊服務
EVGO,EVgo Inc. - Common Stock,Consumer Discretionary,非必需消費
EVGOW,"EVgo Inc. - Warrants, each whole warrant exercisable for one share of Class A Common Stock at an exercise price of $11.50",Consumer Discretionary,非必需消費
EVLV,"Evolv Technologies Holdings, Inc. - Class A Common Stock",Industrials,工業
EVOK,"Evoke Pharma, Inc. - Common Stock",Health Care,醫療保健
EVRG,"Evergy, Inc. - Common Stock",Utilities,公用事業
EVTV,"Envirotech Vehicles, Inc. - Common stock",Consumer Discretionary,非必需消費
EWBC,"East West Bancorp, Inc. - Common Stock",Financials,金融
EWCZ,"European Wax Center, Inc. - Class A Common Stock",Consumer Staples,必需消費
EWTX,"Edgewise Therapeutics, Inc. - Common Stock",Health Care,醫療保健
EXAS,Exact Sciences Corporation - Common Stock,Health Care,醫療保健
EXC,Exelon Corporation - Common Stock,Utilities,公用事業
EXE,Expand Energy Corporation - Common Stock,Energy,能源
EXEL,"Exelixis, Inc. - Common Stock",Health Care,醫療保健
EXFY,"Expensify, Inc. - Class A Common Stock",Information Technology,資訊科技
EXLS,"ExlService Holdings, Inc. - Common Stock",Information Technology,資訊科技
EXOZ,eXoZymes Inc. - Common Stock,Health Care,醫療保健
EXPE,"Expedia Group, Inc. - Common Stock",Consumer Discretionary,非必需消費
EXPI,"eXp World Holdings, Inc. - Common Stock",Real Estate,房地產
EXPO,"Exponent, Inc. - Common Stock",Industrials,工業
EXTR,"Extreme Networks, Inc. - Common Stock",Information Technology,資訊科技
EYE,"National Vision Holdings, Inc. - Common Stock",Consumer Discretionary,非必需消費
EYEN,"Eyenovia, Inc. - Common Stock",Health Care,醫療保健
EYPT,"EyePoint Pharmaceuticals, Inc. - Common Stock",Health Care,醫療保健
EZPW,"EZCORP, Inc. - Class A Non-Voting Common Stock",Financials,金融
FA,First Advantage Corporation - Common Stock,Industrials,工業
FANG,"Diamondback Energy, Inc. - Common Stock",Energy,能源
FARM,Farmer Brothers Company - Common Stock,Consumer Staples,必需消費
FARO,"FARO Technologies, Inc. - Common Stock",Information Technology,資訊科技
FAST,Fastenal Company - Common Stock,Industrials,工業
FAT,FAT Brands Inc. - Common Stock,Consumer Discretionary,非必需消費
FATBB,FAT Brands Inc. - Class B Common Stock,Consumer Discretionary,非必需消費
FATE,"Fate Therapeutics, Inc. - Common Stock",Health Care,醫療保健
FATN,"FatPipe, Inc. - common stock",Information Technology,資訊科技
FBIO,"Fortress Biotech, Inc. - Common Stock",Health Care,醫療保健
FBIZ,"First Business Financial Services, Inc. - Common Stock",Financials,金融
FBLA,"FB Bancorp, Inc. - Common Stock",Financials,金融
FBLG,"FibroBiologics, Inc. - Common Stock",Health Care,醫療保健
FBNC,First Bancorp - Common Stock,Financials,金融
FBRX,"Forte Biosciences, Inc.  - Common Stock",Health Care,醫療保健
FBYD,"Falcon's Beyond Global, Inc. - Class A Common Stock",Industrials,工業
FCAP,"First Capital, Inc. - Common Stock",Financials,金融
FCBC,"First Community Bankshares, Inc. - Common Stock",Financials,金融
FCCO,First Community Corporation - Common Stock,Financials,金融
FCEL,"FuelCell Energy, Inc. - Common Stock",Industrials,工業
FCFS,"FirstCash Holdings, Inc. - Common Stock",Financials,金融
FCNCA,"First Citizens BancShares, Inc. - Class A Common Stock",Financials,金融
FCUV,Focus Universal Inc. - Common Stock,Information Technology,資訊科技
FDBC,"Fidelity D & D Bancorp, Inc. - Common Stock",Financials,金融
FDMT,"4D Molecular Therapeutics, Inc. - Common Stock",Health Care,醫療保健
FDSB,"Fifth District Bancorp, Inc. - Common Stock",Financials,金融
FEAM,"5E Advanced Materials, Inc. - Common Stock",Materials,原物料
FEIM,"Frequency Electronics, Inc. - Common Stock",Information Technology,資訊科技
FELE,"Franklin Electric Co., Inc. - Common Stock",Industrials,工業
FEMY,Femasys Inc. - Common Stock,Health Care,醫療保健
FENC,Fennec Pharmaceuticals Inc. - Common Stock,Health Care,醫療保健
FFAI,Faraday Future Intelligent Electric Inc. - Class A Common Stock,Consumer Discretionary,非必需消費
FFBC,First Financial Bancorp. - Common Stock,Financials,金融
FFIC,Flushing Financial Corporation - Common Stock,Financials,金融
FFIN,"First Financial Bankshares, Inc. - Common Stock",Financials,金融
FFIV,"F5, Inc. - Common Stock",Information Technology,資訊科技
FGBI,"First Guaranty Bancshares, Inc. - Common Stock",Financials,金融
FGEN,"FibroGen, Inc - Common Stock",Health Care,醫療保健
FGF,Fundamental Global Inc. - Common Stock,Financials,金融
FGMC,FG Merger II Corp. - Common stock,Financials,金融
FHB,"First Hawaiian, Inc. - Common Stock",Financials,金融
FHTX,Foghorn Therapeutics Inc. - Common Stock,Health Care,醫療保健
FIBK,"First Interstate BancSystem, Inc. - Common Stock",Financials,金融
FINW,FinWise Bancorp - Common Stock,Financials,金融
FIP,FTAI Infrastructure Inc. - Common Stock,Industrials,工業
FISI,"Financial Institutions, Inc. - Common Stock",Financials,金融
FITB,Fifth Third Bancorp - Common Stock,Financials,金融
FIVE,"Five Below, Inc. - Common Stock",Consumer Discretionary,非必需消費
FIVN,"Five9, Inc. - Common Stock",Information Technology,資訊科技
FIZZ,National Beverage Corp. - Common Stock,Consumer Staples,必需消費
FKWL,Franklin Wireless Corp. - common stock,Information Technology,資訊科技
FLD,"Fold Holdings, Inc. - Class A Common Stock",Financials,金融
FLGC,Flora Growth Corp. - Common Stock,Health Care,醫療保健
FLGT,"Fulgent Genetics, Inc. - Common Stock",Health Care,醫療保健
FLIC,The First of Long Island Corporation - Common Stock,Financials,金融
FLL,"Full House Resorts, Inc. - Common Stock",Consumer Discretionary,非必需消費
FLNC,"Fluence Energy, Inc. - Class A Common Stock",Utilities,公用事業
FLNT,"Fluent, Inc. - Common Stock",Communication Services,通訊服務
FLUX,"Flux Power Holdings, Inc. - Common Stock",Industrials,工業
FLWS,"1-800-FLOWERS.COM, Inc. - Class A Common Stock",Consumer Discretionary,非必需消費
FLXS,"Flexsteel Industries, Inc. - Common Stock",Consumer Discretionary,非必需消費
FLYE,"Fly-E Group, Inc. - Common Stock",Consumer Discretionary,非必需消費
FLYW,Flywire Corporation - Voting Common Stock,Information Technology,資訊科技
FMAO,"Farmers & Merchants Bancorp, Inc. - Common Stock",Financials,金融
FMBH,"First Mid Bancshares, Inc. - Common Stock",Financials,金融
FMNB,Farmers National Banc Corp. - Common Stock,Financials,金融
FMTO,Femto Technologies Inc. - Common Stock,Information Technology,資訊科技
FNGR,"FingerMotion, Inc. - common stock",Communication Services,通訊服務
FNKO,"Funko, Inc. - Class A Common Stock",Consumer Discretionary,非必需消費
FNLC,"First Bancorp, Inc (ME) - Common Stock",Financials,金融
FNWB,First Northwest Bancorp - Common Stock,Financials,金融
FNWD,Finward Bancorp - common stock,Financials,金融
FOLD,"Amicus Therapeutics, Inc. - Common Stock",Health Care,醫療保健
FONR,Fonar Corporation - Common Stock,Health Care,醫療保健
FORA,Forian Inc. - Common Stock,Health Care,醫療保健
FORD,"Forward Industries, Inc. - Common Stock",Consumer Discretionary,非必需消費
FORL,Four Leaf Acquisition Corporation - Class A Common Stock,Financials,金融
FORM,"FormFactor, Inc. - Common Stock",Information Technology,資訊科技
FORR,"Forrester Research, Inc. - Common Stock",Industrials,工業
FOSL,"Fossil Group, Inc. - Common Stock",Consumer Discretionary,非必需消費
FOX,Fox Corporation - Class B Common Stock,Communication Services,通訊服務
FOXA,Fox Corporation - Class A Common Stock,Communication Services,通訊服務
FOXF,Fox Factory Holding Corp. - Common Stock,Consumer Discretionary,非必需消費
FOXX,Foxx Development Holdings Inc. - Common Stock,Information Technology,資訊科技
FPAY,"FlexShopper, Inc. - Common Stock",Industrials,工業
FRAF,Franklin Financial Services Corporation - Common Stock,Financials,金融
FRBA,First Bank  - Common Stock,Financials,金融
FRD,Friedman Industries Inc. - Common Stock,Materials,原物料
FRHC,Freedom Holding Corp. - Common Stock,Financials,金融
FRME,First Merchants Corporation - Common Stock,Financials,金融
FRPH,"FRP Holdings, Inc. - Common Stock",Real Estate,房地產
FRPT,"Freshpet, Inc. - Common Stock",Consumer Staples,必需消費
FRSH,Freshworks Inc. - Class A Common Stock,Information Technology,資訊科技
FRST,Primis Financial Corp. - Common Stock,Financials,金融
FSBC,Five Star Bancorp - Common Stock,Financials,金融
FSBW,"FS Bancorp, Inc. - Common Stock",Financials,金融
FSEA,"First Seacoast Bancorp, Inc. - Common Stock",Financials,金融
FSFG,"First Savings Financial Group, Inc. - Common Stock",Financials,金融
FSLR,"First Solar, Inc. - Common Stock",Information Technology,資訊科技
FSTR,L.B. Foster Company - Common Stock,Industrials,工業
FSUN,FirstSun Capital Bancorp - Common Stock,Financials,金融
FTAI,FTAI Aviation Ltd. - Common Stock,Industrials,工業
FTCI,"FTC Solar, Inc. - Common Stock",Information Technology,資訊科技
FTDR,"Frontdoor, Inc. - Common Stock",Consumer Discretionary,非必需消費
FTEK,"Fuel Tech, Inc. - Common Stock",Industrials,工業
FTFT,Future FinTech Group Inc. - Common Stock,Information Technology,資訊科技
FTHM,Fathom Holdings Inc. - Common Stock,Real Estate,房地產
FTLF,"FitLife Brands, Inc. - Common Stock",Consumer Staples,必需消費
FTNT,"Fortinet, Inc. - Common Stock",Information Technology,資訊科技
FTRE,Fortrea Holdings Inc. - Common Stock,Health Care,醫療保健
FULC,"Fulcrum Therapeutics, Inc. - Common Stock",Health Care,醫療保健
FULT,Fulton Financial Corporation - Common Stock,Financials,金融
FUNC,First United Corporation - Common Stock,Financials,金融
FUSB,"First US Bancshares, Inc. - Common Stock",Financials,金融
FVCB,"FVCBankcorp, Inc. - Common Stock",Financials,金融
FWONA,Liberty Media Corporation - Series A Liberty Formula One Common Stock,Communication Services,通訊服務
FWONK,Liberty Media Corporation - Series C Liberty Formula One Common Stock,Communication Services,通訊服務
FWRD,Forward Air Corporation - Common Stock,Industrials,工業
FWRG,"First Watch Restaurant Group, Inc. - Common Stock",Consumer Discretionary,非必需消費
FXNC,First National Corporation - Common Stock,Financials,金融
FYBR,"Frontier Communications Parent, Inc. - Common Stock",Communication Services,通訊服務
GABC,"German American Bancorp, Inc. - Common Stock",Financials,金融
GAIA,"Gaia, Inc. - Class A Common Stock",Communication Services,通訊服務
GALT,Galectin Therapeutics Inc. - Common Stock,Health Care,醫療保健
GAME,"GameSquare Holdings, Inc. - Common stock",Communication Services,通訊服務
GANX,"Gain Therapeutics, Inc. - Common Stock",Health Care,醫療保健
GASS,"StealthGas, Inc. - common stock",Industrials,工業
GBFH,GBank Financial Holdings Inc. - Common Stock,Financials,金融
GBIO,Generation Bio Co. - Common stock,Health Care,醫療保健
GCBC,"Greene County Bancorp, Inc. - Common Stock",Financials,金融
GCMG,GCM Grosvenor Inc. - Class A Common Stock,Financials,金融
GCTK,"GlucoTrack, Inc. - Common Stock",Health Care,醫療保健
GDC,GD Culture Group Limited - Common Stock,Communication Services,通訊服務
GDEN,"Golden Entertainment, Inc. - Common Stock",Consumer Discretionary,非必需消費
GDRX,"GoodRx Holdings, Inc. - Class A Common Stock",Health Care,醫療保健
GDYN,"Grid Dynamics Holdings, Inc. - Class A Common Stock",Information Technology,資訊科技
GEG,"Great Elm Group, Inc.  - Common Stock",Financials,金融
GEHC,GE HealthCare Technologies Inc. - Common Stock,Health Care,醫療保健
GEN,Gen Digital Inc. - Common Stock,Information Technology,資訊科技
GENK,"GEN Restaurant Group, Inc. - Class A Common Stock",Consumer Discretionary,非必需消費
GEOS,Geospace Technologies Corporation - Common Stock,Energy,能源
GERN,Geron Corporation - Common Stock,Health Care,醫療保健
GEVO,"Gevo, Inc. - Common Stock",Materials,原物料
GH,"Guardant Health, Inc. - Common Stock",Health Care,醫療保健
GIFI,"Gulf Island Fabrication, Inc. - Common Stock",Industrials,工業
GIFT,"Giftify, Inc. - Common Stock",Communication Services,通訊服務
GIII,"G-III Apparel Group, LTD. - Common Stock",Consumer Discretionary,非必需消費
GILD,"Gilead Sciences, Inc. - Common Stock",Health Care,醫療保健
GIPR,Generation Income Properties Inc. - Common stock,Real Estate,房地產
GITS,"Global Interactive Technologies, Inc. Common Stock - Common Stock",Communication Services,通訊服務
GLBS,Globus Maritime Limited - Common Stock,Industrials,工業
GLBZ,Glen Burnie Bancorp - Common Stock,Financials,金融
GLDD,Great Lakes Dredge & Dock Corporation - Common Stock,Industrials,工業
GLPI,"Gaming and Leisure Properties, Inc. - Common Stock",Real Estate,房地產
GLSI,"Greenwich LifeSciences, Inc. - Common stock",Health Care,醫療保健
GLTO,"Galecto, Inc. - Common Stock",Health Care,醫療保健
GLUE,"Monte Rosa Therapeutics, Inc. - Common Stock",Health Care,醫療保健
GLYC,"GlycoMimetics, Inc. - Common Stock",Health Care,醫療保健
GMGI,"Golden Matrix Group, Inc. - Common Stock",Communication Services,通訊服務
GNLN,"Greenlane Holdings, Inc. - Class A Common Stock",Consumer Staples,必需消費
GNLX,Genelux Corporation - Common Stock,Health Care,醫療保健
GNPX,"Genprex, Inc. - Common Stock",Health Care,醫療保健
GNSS,Genasys Inc. - Common Stock,Information Technology,資訊科技
GNTX,Gentex Corporation - Common Stock,Consumer Discretionary,非必需消費
GO,Grocery Outlet Holding Corp. - Common Stock,Consumer Staples,必需消費
GOCO,"GoHealth, Inc. - Class A Common Stock",Financials,金融
GOGL,Golden Ocean Group Limited - Common Stock,Industrials,工業
GOGO,Gogo Inc. - Common Stock,Communication Services,通訊服務
GOOGL,Alphabet Inc. - Class A Common Stock,Communication Services,通訊服務
GORV,"Lazydays Holdings, Inc. - Common Stock",Consumer Discretionary,非必需消費
GOSS,"Gossamer Bio, Inc. - Common Stock",Health Care,醫療保健
GOVX,"GeoVax Labs, Inc. - Common Stock",Health Care,醫療保健
GPRE,"Green Plains, Inc. - Common Stock",Materials,原物料
GPRO,"GoPro, Inc. - Class A Common Stock",Information Technology,資訊科技
GRAL,"GRAIL, Inc. - Common Stock",Health Care,醫療保健
GRCE,"Grace Therapeutics, Inc. - Common Stock",Health Care,醫療保健
GREE,Greenidge Generation Holdings Inc. - Class A Common Stock,Financials,金融
GRI,"GRI Bio, Inc. - Common Stock",Health Care,醫療保健
GRNQ,Greenpro Capital Corp. - Common Stock,Industrials,工業
GROW,"U.S. Global Investors, Inc. - Class A Common Stock",Financials,金融
GRPN,"Groupon, Inc. - Common Stock",Communication Services,通訊服務
GRWG,GrowGeneration Corp. - Common Stock,Consumer Discretionary,非必需消費
GRYP,"Gryphon Digital Mining, Inc - Common Stock",Financials,金融
GSAT,"Globalstar, Inc. - Common Stock",Communication Services,通訊服務
GSBC,"Great Southern Bancorp, Inc. - Common Stock",Financials,金融
GSHD,"Goosehead Insurance, Inc. - Class A Common Stock",Financials,金融
GSIT,"GSI Technology, Inc. - Common Stock",Information Technology,資訊科技
GT,The Goodyear Tire & Rubber Company - Common Stock,Consumer Discretionary,非必需消費
GTBP,"GT Biopharma, Inc. - Common Stock",Health Care,醫療保健
GTIM,Good Times Restaurants Inc. - Common Stock,Consumer Discretionary,非必需消費
GTLB,GitLab Inc. - Class A Common Stock,Information Technology,資訊科技
GTX,Garrett Motion Inc. - Common Stock,Consumer Discretionary,非必需消費
GURE,"Gulf Resources, Inc. - Common Stock",Materials,原物料
GUTS,"Fractyl Health, Inc. - Common Stock",Health Care,醫療保健
GWAV,"Greenwave Technology Solutions, Inc. - Common Stock",Industrials,工業
GWRS,"Global Water Resources, Inc. - common stock",Utilities,公用事業
GXAI,Gaxos.ai Inc. - Common Stock,Communication Services,通訊服務
GYRE,"Gyre Therapeutics, Inc. - Common Stock",Health Care,醫療保健
GYRO,"Gyrodyne , LLC - Common Stock",Real Estate,房地產
HAFC,Hanmi Financial Corporation - Common Stock,Financials,金融
HAIN,"The Hain Celestial Group, Inc. - Common Stock",Consumer Staples,必需消費
HALO,"Halozyme Therapeutics, Inc. - Common Stock",Health Care,醫療保健
HAS,"Hasbro, Inc. - Common Stock",Consumer Discretionary,非必需消費
HBAN,Huntington Bancshares Incorporated - Common Stock,Financials,金融
HBCP,"Home Bancorp, Inc. - Common Stock",Financials,金融
HBIO,"Harvard Bioscience, Inc. - Common Stock",Health Care,醫療保健
HBNC,"Horizon Bancorp, Inc. - Common Stock",Financials,金融
HBT,"HBT Financial, Inc. - Common Stock",Financials,金融
HCAT,"Health Catalyst, Inc - Common stock",Health Care,醫療保健
HCKT,"The Hackett Group, Inc. - Common Stock",Information Technology,資訊科技
HCSG,"Healthcare Services Group, Inc. - Common Stock",Health Care,醫療保健
HCTI,"Healthcare Triangle, Inc. - Common Stock",Health Care,醫療保健
HCWB,HCW Biologics Inc. - Common Stock,Health Care,醫療保健
HDSN,"Hudson Technologies, Inc. - Common Stock",Materials,原物料
HEES,"H&E Equipment Services, Inc. - Common Stock",Industrials,工業
HELE,Helen of Troy Limited - Common Stock,Consumer Staples,必需消費
HEPA,"Hepion Pharmaceuticals, Inc. - Common Stock",Health Care,醫療保健
HFBL,"Home Federal Bancorp, Inc. of Louisiana - Common Stock",Financials,金融
HFFG,HF Foods Group Inc. - Common Stock,Consumer Staples,必需消費
HFWA,Heritage Financial Corporation - Common Stock,Financials,金融
HGBL,Heritage Global Inc. - Common Stock,Financials,金融
HHS,"Harte Hanks, Inc. - Common Stock",Industrials,工業
HIFS,Hingham Institution for Savings - Common Stock,Financials,金融
HIHO,Highway Holdings Limited - Common Stock,Industrials,工業
HIT,"Health In Tech, Inc. - Class A Common Stock",Information Technology,資訊科技
HLIT,Harmonic Inc. - Common Stock,Information Technology,資訊科技
HLMN,Hillman Solutions Corp. - Common Stock,Industrials,工業
HLNE,Hamilton Lane Incorporated - Class A Common Stock,Financials,金融
HLVX,"HilleVax, Inc. - Common Stock",Health Care,醫療保健
HMR,Heidmar Maritime Holdings Corp. - Common Stock,Industrials,工業
HMST,"HomeStreet, Inc. - Common Stock",Financials,金融
HNNA,"Hennessy Advisors, Inc. - Common Stock",Financials,金融
HNRG,Hallador Energy Company - Common Stock,Energy,能源
HNST,"The Honest Company, Inc. - Common Stock",Consumer Staples,必需消費
HNVR,"Hanover Bancorp, Inc. - Common Stock",Financials,金融
HOFT,Hooker Furnishings Corporation - Common Stock,Consumer Discretionary,非必需消費
HOFV,Hall of Fame Resort & Entertainment Company - Common Stock,Communication Services,通訊服務
HOLX,"Hologic, Inc. - Common Stock",Health Care,醫療保健
HON,Honeywell International Inc. - Common Stock,Industrials,工業
HONE,"HarborOne Bancorp, Inc. - Common Stock",Financials,金融
HOOD,"Robinhood Markets, Inc. - Class A Common Stock",Financials,金融
HOOK,HOOKIPA Pharma Inc. - Common Stock,Health Care,醫療保健
HOPE,"Hope Bancorp, Inc. - Common Stock",Financials,金融
HOTH,"Hoth Therapeutics, Inc. - Common Stock",Health Care,醫療保健
HOUR,"Hour Loop, Inc. - common stock",Consumer Discretionary,非必需消費
HOWL,"Werewolf Therapeutics, Inc. - Common Stock",Health Care,醫療保健
HPK,"HighPeak Energy, Inc. - Common Stock",Energy,能源
HQI,"HireQuest, Inc. - Common Stock",Industrials,工業
HQY,"HealthEquity, Inc. - Common Stock",Health Care,醫療保健
HRMY,"Harmony Biosciences Holdings, Inc. - Common Stock",Health Care,醫療保健
HROW,"Harrow, Inc. - Common Stock",Health Care,醫療保健
HRTX,"Heron Therapeutics, Inc.   - Common Stock",Health Care,醫療保健
HRZN,Horizon Technology Finance Corporation - Common Stock,Financials,金融
HSCS,HeartSciences Inc. - Common Stock,Health Care,醫療保健
HSDT,"Helius Medical Technologies, Inc. - Class A Common Stock",Health Care,醫療保健
HSIC,"Henry Schein, Inc. - Common Stock",Health Care,醫療保健
HSII,"Heidrick & Struggles International, Inc. - Common Stock",Industrials,工業
HSON,"Hudson Global, Inc. - Common Stock",Industrials,工業
HST,"Host Hotels & Resorts, Inc. - Common Stock",Real Estate,房地產
HSTM,"HealthStream, Inc. - Common Stock",Health Care,醫療保健
HTBK,Heritage Commerce Corp - Common Stock,Financials,金融
HTCR,"Heartcore Enterprises, Inc. - Common Stock",Information Technology,資訊科技
HTLD,"Heartland Express, Inc. - Common Stock",Industrials,工業
HTZ,"Hertz Global Holdings, Inc - Common Stock",Industrials,工業
HUBG,"Hub Group, Inc. - Class A Common Stock",Industrials,工業
HUMA,"Humacyte, Inc. - Common Stock",Health Care,醫療保健
HURA,"TuHURA Biosciences, Inc. - Common Stock",Health Care,醫療保健
HURC,"Hurco Companies, Inc. - Common Stock",Industrials,工業
HURN,Huron Consulting Group Inc. - Common Stock,Industrials,工業
HUT,Hut 8 Corp. - Common Stock,Financials,金融
HWBK,"Hawthorn Bancshares, Inc. - Common Stock",Financials,金融
HWC,Hancock Whitney Corporation - Common Stock,Financials,金融
HWH,HWH International Inc. - Common Stock,Consumer Discretionary,非必需消費
HWKN,"Hawkins, Inc. - Common Stock",Materials,原物料
HYFM,"Hydrofarm Holdings Group, Inc. - Common Stock",Industrials,工業
HYMC,Hycroft Mining Holding Corporation - Class A Common Stock,Materials,原物料
HYPR,"Hyperfine, Inc.  - Class A Common Stock",Health Care,醫療保健
IAC,IAC Inc. - Common Stock,Communication Services,通訊服務
IART,Integra LifeSciences Holdings Corporation - Common Stock,Health Care,醫療保健
IAS,Integral Ad Science Holding Corp. - Common Stock,Communication Services,通訊服務
IBAC,IB Acquisition Corp. - Common Stock,Financials,金融
IBCP,Independent Bank Corporation - Common Stock,Financials,金融
IBIO,"iBio, Inc. - Common Stock",Health Care,醫療保健
IBKR,"Interactive Brokers Group, Inc. - Class A Common Stock",Financials,金融
IBOC,International Bancshares Corporation - Common Stock,Financials,金融
IBRX,"ImmunityBio, Inc. - Common Stock",Health Care,醫療保健
ICAD,icad inc. - Common Stock,Health Care,醫療保健
ICCC,ImmuCell Corporation - Common Stock,Health Care,醫療保健
ICCT,iCoreConnect Inc. - Common stock,Health Care,醫療保健
ICFI,"ICF International, Inc. - Common Stock",Industrials,工業
ICMB,"Investcorp Credit Management BDC, Inc. - Common Stock",Financials,金融
ICON,Icon Energy Corp. - Common stock,Industrials,工業
ICU,SeaStar Medical Holding Corporation - Common Stock,Health Care,醫療保健
ICUI,"ICU Medical, Inc. - Common Stock",Health Care,醫療保健
IDAI,T Stamp Inc. - Class A Common Stock,Information Technology,資訊科技
IDCC,"InterDigital, Inc. - Common Stock",Information Technology,資訊科技
IDN,"Intellicheck, Inc. - Common Stock",Information Technology,資訊科技
IDXX,"IDEXX Laboratories, Inc. - Common Stock",Health Care,醫療保健
IDYA,"IDEAYA Biosciences, Inc. - Common Stock",Health Care,醫療保健
IESC,"IES Holdings, Inc. - Common Stock",Industrials,工業
IFRX,InflaRx N.V. - Common Stock,Health Care,醫療保健
IGMS,"IGM Biosciences, Inc. - Common Stock",Health Care,醫療保健
IHRT,"iHeartMedia, Inc. - Class A Common Stock",Communication Services,通訊服務
III,"Information Services Group, Inc. - Common Stock",Information Technology,資訊科技
IIIV,"i3 Verticals, Inc. - Common Stock",Information Technology,資訊科技
IKNA,"Ikena Oncology, Inc. - Common Stock",Health Care,醫療保健
IKT,"Inhibikase Therapeutics, Inc. - Common Stock",Health Care,醫療保健
ILLR,Triller Group Inc. - Common Stock,Information Technology,資訊科技
ILMN,"Illumina, Inc. - Common Stock",Health Care,醫療保健
IMG,CIMG Inc. - Common Stock,Consumer Staples,必需消費
IMKTA,"Ingles Markets, Incorporated - Class A Common Stock",Consumer Staples,必需消費
IMMR,Immersion Corporation - Common Stock,Information Technology,資訊科技
IMMX,"Immix Biopharma, Inc. - Common Stock",Health Care,醫療保健
IMNM,"Immunome, Inc. - Common Stock",Health Care,醫療保健
IMNN,"Imunon, Inc. - Common Stock",Health Care,醫療保健
IMRX,Immuneering Corporation - Class A Common Stock,Health Care,醫療保健
IMUX,"Immunic, Inc.  - Common Stock",Health Care,醫療保健
IMVT,"Immunovant, Inc.  - Common Stock",Health Care,醫療保健
IMXI,"International Money Express, Inc. - Common Stock",Information Technology,資訊科技
INAB,"IN8bio, Inc. - Common Stock",Health Care,醫療保健
INBK,First Internet Bancorp - Common Stock,Financials,金融
INBS,Intelligent Bio Solutions Inc.  - Common Stock,Health Care,醫療保健
INBX,"Inhibrx Biosciences, Inc. - Common Stock",Health Care,醫療保健
INCY,Incyte Corporation - Common Stock,Health Care,醫療保健
INDB,Independent Bank Corp. - Common Stock,Financials,金融
INDI,"indie Semiconductor, Inc. - Class A Common Stock",Information Technology,資訊科技
INDP,"Indaptus Therapeutics, Inc. - Common Stock",Health Care,醫療保健
INGN,"Inogen, Inc - Common Stock",Health Care,醫療保健
INHD,Inno Holdings Inc. - Common Stock,Materials,原物料
INKT,"MiNK Therapeutics, Inc. - Common Stock",Health Care,醫療保健
INMB,INmune Bio Inc. - Common stock,Health Care,醫療保健
INNV,InnovAge Holding Corp. - Common Stock,Health Care,醫療保健
INO,"Inovio Pharmaceuticals, Inc. - Common Stock",Health Care,醫療保健
INOD,Innodata Inc. - Common Stock,Information Technology,資訊科技
INSE,"Inspired Entertainment, Inc. - Common Stock",Consumer Discretionary,非必需消費
INSG,Inseego Corp. - Common Stock,Information Technology,資訊科技
INSM,Insmed Incorporated - Common Stock,Health Care,醫療保健
INTA,"Intapp, Inc. - Common Stock",Information Technology,資訊科技
INTC,Intel Corporation - Common Stock,Information Technology,資訊科技
INTG,The Intergroup Corporation - Common Stock,Consumer Discretionary,非必需消費
INTS,"Intensity Therapeutics, Inc. - Common Stock",Health Care,醫療保健
INTU,Intuit Inc. - Common Stock,Information Technology,資訊科技
INTZ,Intrusion Inc. - Common Stock,Information Technology,資訊科技
INV,"Innventure, Inc. - Common Stock",Financials,金融
INVA,"Innoviva, Inc. - Common Stock",Health Care,醫療保健
INVE,"Identiv, Inc. - Common Stock",Industrials,工業
INZY,"Inozyme Pharma, Inc. - Common Stock",Health Care,醫療保健
IOBT,"IO Biotech, Inc. - Common Stock",Health Care,醫療保健
IONS,"Ionis Pharmaceuticals, Inc. - Common Stock",Health Care,醫療保健
IOSP,Innospec Inc. - Common Stock,Materials,原物料
IOVA,"Iovance Biotherapeutics, Inc. - Common Stock",Health Care,醫療保健
IPA,ImmunoPrecise Antibodies Ltd. - Common Stock,Health Care,醫療保健
IPAR,"Interparfums, Inc. - Common Stock",Consumer Staples,必需消費
IPDN,"Professional Diversity Network, Inc. - Common Stock",Industrials,工業
IPGP,IPG Photonics Corporation - Common Stock,Information Technology,資訊科技
IPM,Intelligent Protection Management Corp.  - Common Stock,Information Technology,資訊科技
IPSC,"Century Therapeutics, Inc. - Common Stock",Health Care,醫療保健
IPW,iPower Inc. - Common Stock,Consumer Discretionary,非必需消費
IPWR,Ideal Power Inc. - Common Stock,Industrials,工業
IRBT,iRobot Corporation - Common Stock,Consumer Discretionary,非必需消費
IRD,"Opus Genetics, Inc. - Common Stock",Health Care,醫療保健
IRDM,Iridium Communications Inc - Common Stock,Communication Services,通訊服務
IRIX,IRIDEX Corporation - Common Stock,Health Care,醫療保健
IRMD,iRadimed Corporation - Common Stock,Health Care,醫療保健
IROH,Iron Horse Acquisitions Corp. - Common Stock,Financials,金融
IROHR,Iron Horse Acquisitions Corp. - one right to one-fifth (1/5) of one share of common stock,Unclassified,未分類
IRON,"Disc Medicine, Inc. - Common Stock",Health Care,醫療保健
IROQ,"IF Bancorp, Inc. - Common Stock",Financials,金融
IRTC,"iRhythm Technologies, Inc. - Common Stock",Health Care,醫療保健
IRWD,"Ironwood Pharmaceuticals, Inc. - Class A Common Stock",Health Care,醫療保健
ISPC,iSpecimen Inc. - Common Stock,Health Care,醫療保健
ISPO,Inspirato Incorporated - Class A Common Stock,Consumer Discretionary,非必需消費
ISPR,Ispire Technology Inc. - Common Stock,Consumer Staples,必需消費
ISRG,"Intuitive Surgical, Inc. - Common Stock",Health Care,醫療保健
ISSC,"Innovative Solutions and Support, Inc. - Common Stock",Industrials,工業
ISTR,Investar Holding Corporation - Common Stock,Financials,金融
ITIC,Investors Title Company - Common Stock,Financials,金融
ITOS,"iTeos Therapeutics, Inc. - Common Stock",Health Care,醫療保健
ITRI,"Itron, Inc. - Common Stock",Information Technology,資訊科技
IVDA,"Iveda Solutions, Inc. - Common Stock",Industrials,工業
IVF,"INVO Fertility, Inc. - Common Stock",Health Care,醫療保健
IVP,"Inspire Veterinary Partners, Inc. - Class A Common Stock",Consumer Discretionary,非必需消費
IVVD,"Invivyd, Inc. - Common Stock",Health Care,醫療保健
IXHL,Incannex Healthcare Inc. - Common Stock,Health Care,醫療保健
IZEA,"IZEA Worldwide, Inc. - Common Stock",Communication Services,通訊服務
JACK,Jack In The Box Inc. - Common Stock,Consumer Discretionary,非必需消費
JAGX,"Jaguar Health, Inc. - Common Stock",Health Care,醫療保健
JAKK,"JAKKS Pacific, Inc. - Common Stock",Consumer Discretionary,非必需消費
JAMF,Jamf Holding Corp. - Common Stock,Information Technology,資訊科技
JANX,"Janux Therapeutics, Inc. - Common Stock",Health Care,醫療保健
JBHT,"J.B. Hunt Transport Services, Inc. - Common Stock",Industrials,工業
JBIO,"Jade Biosciences, Inc. - Common Stock",Health Care,醫療保健
JBLU,JetBlue Airways Corporation - Common Stock,Industrials,工業
JBSS,"John B. Sanfilippo & Son, Inc. - Common Stock",Consumer Staples,必需消費
JDZG,JIADE LIMITED - Common stock,Information Technology,資訊科技
JFB,JFB Construction Holdings - Class A Common Stock,Real Estate,房地產
JJSF,J & J Snack Foods Corp. - Common Stock,Consumer Staples,必需消費
JKHY,"Jack Henry & Associates, Inc. - Common Stock",Information Technology,資訊科技
JMSB,"John Marshall Bancorp, Inc. - Common Stock",Financials,金融
JNVR,Janover Inc. - Common Stock,,
JOUT,Johnson Outdoors Inc. - Class A Common Stock,Consumer Discretionary,非必需消費
JRSH,"Jerash Holdings (US), Inc. - Common Stock",Consumer Discretionary,非必需消費
JSPR,"Jasper Therapeutics, Inc. - Class A Common Stock",Health Care,醫療保健
JTAI,Jet.AI Inc. - Common Stock,Information Technology,資訊科技
JUNS,"Jupiter Neurosciences, Inc. - Common Stock",Health Care,醫療保健
JVA,"Coffee Holding Co., Inc. - Common Stock",Consumer Staples,必需消費
JXG,JX Luxventure Group Inc. - Common Stock,Consumer Discretionary,非必需消費
JYNT,The Joint Corp. - Common Stock,Health Care,醫療保健
KALA,"KALA BIO, Inc. - Common Stock",Health Care,醫療保健
KALU,Kaiser Aluminum Corporation - Common Stock,Materials,原物料
KALV,"KalVista Pharmaceuticals, Inc. - Common Stock",Health Care,醫療保健
KAVL,"Kaival Brands Innovations Group, Inc. - Common Stock",Consumer Staples,必需消費
KDLY,"Kindly MD, Inc. - Common Stock",Health Care,醫療保健
KDP,Keurig Dr Pepper Inc. - Common Stock,Consumer Staples,必需消費
KE,"Kimball Electronics, Inc. - Common Stock",Industrials,工業
KELYA,"Kelly Services, Inc. - Class A Common Stock",Industrials,工業
KELYB,"Kelly Services, Inc. - Class B Common Stock",Industrials,工業
KEQU,Kewaunee Scientific Corporation - Common Stock,Consumer Discretionary,非必需消費
KFFB,Kentucky First Federal Bancorp - Common Stock,Financials,金融
KGEI,Kolibri Global Energy Inc. - Common stock,Energy,能源
KHC,The Kraft Heinz Company - Common Stock,Consumer Staples,必需消費
KIDS,OrthoPediatrics Corp. - Common Stock,Health Care,醫療保健
KIDZ,"Classover Holdings, Inc. - Class B Common Stock",Consumer Staples,必需消費
KINS,"Kingstone Companies, Inc - Common Stock",Financials,金融
KIRK,"Kirkland's, Inc. - Common Stock",Consumer Discretionary,非必需消費
KITT,"Nauticus Robotics, Inc. - Common stock",Industrials,工業
KLAC,KLA Corporation  - Common Stock,Information Technology,資訊科技
KLIC,"Kulicke and Soffa Industries, Inc. - Common Stock",Information Technology,資訊科技
KLRS,"Kalaris Therapeutics, Inc.  - Common Stock",Health Care,醫療保健
KLTO,"Klotho Neurosciences, Inc. - Common Stock",Health Care,醫療保健
KLTR,"Kaltura, Inc. - Common Stock",Information Technology,資訊科技
KLXE,"KLX Energy Services Holdings, Inc.  - Common Stock",Energy,能源
KMTS,"Kestra Medical Technologies, Ltd. - Common Stock",Health Care,醫療保健
KOD,Kodiak Sciences Inc - Common Stock,Health Care,醫療保健
KOPN,Kopin Corporation - Common Stock,Information Technology,資訊科技
KOSS,Koss Corporation - Common Stock,Information Technology,資訊科技
KPLT,"Katapult Holdings, Inc. - Common Stock",Information Technology,資訊科技
KPRX,"Kiora Pharmaceuticals, Inc.  - Common Stock",Health Care,醫療保健
KPTI,Karyopharm Therapeutics Inc. - Common Stock,Health Care,醫療保健
KRMD,"KORU Medical Systems, Inc. - Common Stock",Health Care,醫療保健
KRNY,Kearny Financial - Common Stock,Financials,金融
KRON,"Kronos Bio, Inc. - Common Stock",Health Care,醫療保健
KROS,"Keros Therapeutics, Inc. - common stock",Health Care,醫療保健
KRRO,"Korro Bio, Inc. - Common Stock",Health Care,醫療保健
KRT,Karat Packaging Inc. - Common Stock,Consumer Discretionary,非必需消費
KRUS,"Kura Sushi USA, Inc. - Class A Common Stock",Consumer Discretionary,非必需消費
KRYS,"Krystal Biotech, Inc. - Common Stock",Health Care,醫療保健
KSCP,"Knightscope, Inc. - Class A Common Stock",Industrials,工業
KTCC,Key Tronic Corporation - Common Stock,Information Technology,資訊科技
KTOS,"Kratos Defense & Security Solutions, Inc. - Common Stock",Industrials,工業
KTTA,Pasithea Therapeutics Corp. - Common Stock,Health Care,醫療保健
KURA,"Kura Oncology, Inc. - Common Stock",Health Care,醫療保健
KVHI,"KVH Industries, Inc. - Common Stock",Communication Services,通訊服務
KWE,"KWESST Micro Systems Inc. - common stock, no R/S concurrent with offering",Industrials,工業
KYMR,"Kymera Therapeutics, Inc. - Common Stock",Health Care,醫療保健
KYTX,"Kyverna Therapeutics, Inc. - Common Stock",Health Care,醫療保健
KZR,"Kezar Life Sciences, Inc. - Common Stock",Health Care,醫療保健
LAB,Standard BioTools Inc. - Common Stock,Health Care,醫療保健
LAKE,"Lakeland Industries, Inc. - Common Stock",Consumer Discretionary,非必需消費
LAMR,Lamar Advertising Company - Class A Common Stock,Real Estate,房地產
LANC,Lancaster Colony Corporation - Common Stock,Consumer Staples,必需消費
LAND,Gladstone Land Corporation - Common Stock,Real Estate,房地產
LARK,Landmark Bancorp Inc. - Common Stock,Financials,金融
LASE,Laser Photonics Corporation - Common Stock,Industrials,工業
LASR,"nLIGHT, Inc. - Common Stock",Information Technology,資訊科技
LAUR,"Laureate Education, Inc. - Common Stock",Consumer Staples,必需消費
LAZR,"Luminar Technologies, Inc.  - Class A Common Stock",Consumer Discretionary,非必需消費
LBRDA,Liberty Broadband Corporation - Class A Common Stock,Communication Services,通訊服務
LBRDK,Liberty Broadband Corporation - Class C Common Stock,Communication Services,通訊服務
LCID,"Lucid Group, Inc. - Common Stock",Consumer Discretionary,非必需消費
LCNB,LCNB Corporation - Common Stock,Financials,金融
LCUT,"Lifetime Brands, Inc. - Common Stock",Consumer Discretionary,非必需消費
LDWY,"Lendway, Inc. - Common Stock",Communication Services,通訊服務
LE,"Lands' End, Inc. - Common Stock",Consumer Discretionary,非必需消費
LEDS,SemiLEDS Corporation - Common Stock,Information Technology,資訊科技
LEE,"Lee Enterprises, Incorporated - Common Stock",Communication Services,通訊服務
LEGH,Legacy Housing Corporation - Common Stock,Consumer Discretionary,非必需消費
LENZ,"LENZ Therapeutics, Inc. - Common Stock",Health Care,醫療保健
LESL,"Leslie's, Inc. - Common Stock",Consumer Discretionary,非必需消費
LEXX,Lexaria Bioscience Corp. - Common Stock,Health Care,醫療保健
LFCR,"Lifecore Biomedical, Inc. - Common Stock",Health Care,醫療保健
LFMD,"LifeMD, Inc. - Common Stock",Health Care,醫療保健
LFST,"LifeStance Health Group, Inc. - Common Stock",Health Care,醫療保健
LFUS,"Littelfuse, Inc. - Common Stock",Information Technology,資訊科技
LFVN,Lifevantage Corporation - Common Stock,Consumer Staples,必需消費
LGIH,"LGI Homes, Inc. - Common Stock",Consumer Discretionary,非必需消費
LGMK,"LogicMark, Inc. - Common Stock",Health Care,醫療保健
LGND,Ligand Pharmaceuticals Incorporated - Common Stock,Health Care,醫療保健
LGVN,Longeveron Inc. - Class A Common stock,Health Care,醫療保健
LIDR,"AEye, Inc. - Class A Common Stock",Information Technology,資訊科技
LIEN,"Chicago Atlantic BDC, Inc. - Common Stock",Financials,金融
LIF,"Life360, Inc. - Common Stock",Information Technology,資訊科技
LILA,Liberty Latin America Ltd. - Class A Common Stock,Communication Services,通訊服務
LILAK,Liberty Latin America Ltd. - Class C Common Stock,Communication Services,通訊服務
LINC,Lincoln Educational Services Corporation - Common Stock,Consumer Staples,必需消費
LIND,Lindblad Expeditions Holdings Inc.  - Common Stock,Consumer Discretionary,非必需消費
LINE,"Lineage, Inc. - Common Stock",Real Estate,房地產
LINK,"Interlink Electronics, Inc. - Common Stock",Information Technology,資訊科技
LIPO,Lipella Pharmaceuticals Inc. - Common Stock,Health Care,醫療保健
LIQT,"LiqTech International, Inc. - Common Stock",Industrials,工業
LITE,Lumentum Holdings Inc. - Common Stock,Information Technology,資訊科技
LIVE,Live Ventures Incorporated - Common Stock,Consumer Discretionary,非必需消費
LIXT,"Lixte Biotechnology Holdings, Inc. - Common Stock",Health Care,醫療保健
LKFN,Lakeland Financial Corporation - Common Stock,Financials,金融
LKQ,LKQ Corporation - Common Stock,Consumer Discretionary,非必需消費
LLYVA,Liberty Media Corporation - Series A Liberty Live Common Stock,Communication Services,通訊服務
LLYVK,Liberty Media Corporation - Series C Liberty Live Common Stock,Communication Services,通訊服務
LMAT,"LeMaitre Vascular, Inc. - Common Stock",Health Care,醫療保健
LMB,"Limbach Holdings, Inc. - Common Stock",Industrials,工業
LMFA,"LM Funding America, Inc. - Common Stock",Financials,金融
LMNR,Limoneira Co - Common Stock,Consumer Staples,必需消費
LNKB,"LINKBANCORP, Inc. - Common Stock",Financials,金融
LNSR,"LENSAR, Inc. - Common Stock",Health Care,醫療保健
LNT,Alliant Energy Corporation - Common Stock,Utilities,公用事業
LNTH,"Lantheus Holdings, Inc. - Common Stock",Health Care,醫療保健
LNW,"Light & Wonder, Inc.  - Common Stock",Consumer Discretionary,非必需消費
LNZA,"LanzaTech Global, Inc. - Common Stock",Industrials,工業
LOAN,"Manhattan Bridge Capital, Inc - Common Stock",Real Estate,房地產
LOCO,"El Pollo Loco Holdings, Inc. - Common Stock",Consumer Discretionary,非必需消費
LOGC,ContextLogic Inc. - Class A Common Stock,Consumer Discretionary,非必需消費
LOOP,"Loop Industries, Inc. - Common Stock",Materials,原物料
LOPE,"Grand Canyon Education, Inc. - Common Stock",Consumer Staples,必需消費
LOVE,The Lovesac Company - Common Stock,Consumer Discretionary,非必需消費
LPCN,Lipocine Inc. - Common Stock,Health Care,醫療保健
LPLA,LPL Financial Holdings Inc. - Common Stock,Financials,金融
LPRO,Open Lending Corporation - Common Stock,Financials,金融
LPSN,"LivePerson, Inc. - Common Stock",Information Technology,資訊科技
LPTH,"LightPath Technologies, Inc. - Class A Common Stock",Information Technology,資訊科技
LPTX,"Leap Therapeutics, Inc. - Common Stock",Health Care,醫療保健
LQDA,Liquidia Corporation - Common Stock,Health Care,醫療保健
LQDT,"Liquidity Services, Inc. - Common Stock",Consumer Discretionary,非必需消費
LRCX,Lam Research Corporation - Common Stock,Information Technology,資訊科技
LRFC,Logan Ridge Finance Corporation - Common Stock,Financials,金融
LRHC,La Rosa Holdings Corp. - Common Stock,Real Estate,房地產
LRMR,"Larimar Therapeutics, Inc. - Common Stock",Health Care,醫療保健
LSAK,"Lesaka Technologies, Inc. - Common Stock",Information Technology,資訊科技
LSBK,"Lake Shore Bancorp, Inc. - Common Stock",Financials,金融
LSCC,Lattice Semiconductor Corporation - Common Stock,Information Technology,資訊科技
LSEA,Landsea Homes Corporation - Common Stock,Real Estate,房地產
LSH,Lakeside Holding Limited - Common Stock,Industrials,工業
LSTA,"Lisata Therapeutics, Inc. - Common Stock",Health Care,醫療保健
LSTR,"Landstar System, Inc. - Common Stock",Industrials,工業
LTBR,Lightbridge Corporation - Common Stock,Industrials,工業
LTRN,Lantern Pharma Inc. - Common Stock,Health Care,醫療保健
LTRX,"Lantronix, Inc. - Common Stock",Information Technology,資訊科技
LTRY,"Lottery.com, Inc. - Common Stock",Consumer Discretionary,非必需消費
LUCD,Lucid Diagnostics Inc. - Common Stock,Health Care,醫療保健
LUCY,"Innovative Eyewear, Inc. - Common Stock",Health Care,醫療保健
LULU,lululemon athletica inc. - Common Stock,Consumer Discretionary,非必需消費
LUNG,Pulmonx Corporation - Common Stock,Health Care,醫療保健
LUNR,"Intuitive Machines, Inc. - Class A Common Stock",Industrials,工業
LVLU,"Lulu's Fashion Lounge Holdings, Inc. - Common Stock",Consumer Discretionary,非必需消費
LVO,"LiveOne, Inc. - Common Stock",Communication Services,通訊服務
LWAY,"Lifeway Foods, Inc. - Common Stock",Consumer Staples,必需消費
LWLG,"Lightwave Logic, Inc. - Common Stock",Materials,原物料
LXEO,"Lexeo Therapeutics, Inc. - Common Stock",Health Care,醫療保健
LXRX,"Lexicon Pharmaceuticals, Inc. - Common Stock",Health Care,醫療保健
LYEL,"Lyell Immunopharma, Inc. - Common Stock",Health Care,醫療保健
LYFT,"Lyft, Inc. - Class A Common Stock",Information Technology,資訊科技
LYRA,"Lyra Therapeutics, Inc. - Common Stock",Health Care,醫療保健
LYTS,LSI Industries Inc. - Common Stock,Information Technology,資訊科技
LZ,"LegalZoom.com, Inc. - Common Stock",Industrials,工業
MAMA,"Mama's Creations, Inc. - Common Stock",Consumer Staples,必需消費
MAMO,Massimo Group - Common Stock,Consumer Discretionary,非必需消費
MANH,"Manhattan Associates, Inc. - Common Stock",Information Technology,資訊科技
MAPS,"WM Technology, Inc. - Class A Common Stock",Information Technology,資訊科技
MAR,Marriott International - Class A Common Stock,Consumer Discretionary,非必需消費
MARA,"MARA Holdings, Inc. - Common Stock",Financials,金融
MASI,Masimo Corporation - Common Stock,Health Care,醫療保健
MASS,908 Devices Inc. - Common Stock,Health Care,醫療保健
MAT,"Mattel, Inc. - Common Stock",Consumer Discretionary,非必需消費
MATW,Matthews International Corporation - Class A Common Stock,Industrials,工業
MAYS,"J. W. Mays, Inc. - Common Stock",Real Estate,房地產
MAZE,"Maze Therapeutics, Inc. - Common Stock",Health Care,醫療保健
MBBC,"Marathon Bancorp, Inc. - Common Stock",Financials,金融
MBCN,Middlefield Banc Corp. - Common Stock,Financials,金融
MBIN,Merchants Bancorp - Common Stock,Financials,金融
MBIO,"Mustang Bio, Inc. - Common Stock",Health Care,醫療保健
MBLY,Mobileye Global Inc. - Class A Common Stock,Consumer Discretionary,非必需消費
MBOT,Microbot Medical Inc.  - Common Stock,Health Care,醫療保健
MBRX,"Moleculin Biotech, Inc. - Common Stock",Health Care,醫療保健
MBUU,"Malibu Boats, Inc. - Common Stock",Consumer Discretionary,非必需消費
MBWM,Mercantile Bank Corporation - Common Stock,Financials,金融
MBX,"MBX Biosciences, Inc. - Common Stock",Health Care,醫療保健
MCBS,"MetroCity Bankshares, Inc. - Common Stock",Financials,金融
MCFT,"MasterCraft Boat Holdings, Inc. - Common Stock",Consumer Discretionary,非必需消費
MCHP,Microchip Technology Incorporated - Common Stock,Information Technology,資訊科技
MCHX,"Marchex, Inc. - Class B Common Stock",Communication Services,通訊服務
MCRB,"Seres Therapeutics, Inc. - Common Stock",Health Care,醫療保健
MCRI,"Monarch Casino & Resort, Inc. - Common Stock",Consumer Discretionary,非必需消費
MCVT,"Mill City Ventures III, Ltd. - Common Stock",Financials,金融
MCW,"Mister Car Wash, Inc. - Common Stock",Consumer Discretionary,非必需消費
MDAI,"Spectral AI, Inc. - Class A Common Stock",Health Care,醫療保健
MDB,"MongoDB, Inc. - Class A Common Stock",Information Technology,資訊科技
MDCX,Medicus Pharma Ltd. - Common Stock,Health Care,醫療保健
MDGL,"Madrigal Pharmaceuticals, Inc. - Common Stock",Health Care,醫療保健
MDIA,Mediaco Holding Inc. - Class A Common Stock,Communication Services,通訊服務
MDLZ,"Mondelez International, Inc. - Class A Common Stock",Consumer Staples,必需消費
MDRR,"Medalist Diversified REIT, Inc. - Common Stock",Real Estate,房地產
MDXG,"MiMedx Group, Inc - Common Stock",Health Care,醫療保健
MEDP,"Medpace Holdings, Inc. - Common Stock",Health Care,醫療保健
MEIP,"MEI Pharma, Inc. - Common Stock",Health Care,醫療保健
MELI,"MercadoLibre, Inc. - Common Stock",Consumer Discretionary,非必需消費
MEOH,Methanex Corporation - Common Stock,Materials,原物料
MERC,Mercer International Inc. - Common Stock,Materials,原物料
MESA,"Mesa Air Group, Inc. - Common Stock",Industrials,工業
META,"Meta Platforms, Inc. - Class A Common Stock",Communication Services,通訊服務
METC,"Ramaco Resources, Inc. - Class A Common Stock",Materials,原物料
METCB,"Ramaco Resources, Inc. - Class B Common Stock",Materials,原物料
MFIN,Medallion Financial Corp. - Common Stock,Financials,金融
MGEE,MGE Energy Inc. - Common Stock,Utilities,公用事業
MGNI,"Magnite, Inc. - Common Stock",Communication Services,通訊服務
MGNX,"MacroGenics, Inc. - Common Stock",Health Care,醫療保健
MGPI,"MGP Ingredients, Inc. - Common Stock",Consumer Staples,必需消費
MGRC,McGrath RentCorp - Common Stock,Industrials,工業
MGRM,Monogram Technologies Inc. - Common Stock,Health Care,醫療保健
MGRX,"Mangoceuticals, Inc. - Common Stock",Health Care,醫療保健
MGX,"Metagenomi, Inc. - Common Stock",Health Care,醫療保健
MGYR,"Magyar Bancorp, Inc. - Common Stock",Financials,金融
MHLD,"Maiden Holdings, Ltd. - Common Stock",Financials,金融
MIDD,The Middleby Corporation - Common Stock,Industrials,工業
MIGI,Mawson Infrastructure Group Inc. - Common Stock,Financials,金融
MIND,"MIND Technology, Inc. - Common Stock",Information Technology,資訊科技
MIRA,"MIRA Pharmaceuticals, Inc. - Common Stock",Health Care,醫療保健
MIRM,"Mirum Pharmaceuticals, Inc. - common stock",Health Care,醫療保健
MITK,"Mitek Systems, Inc. - Common Stock",Information Technology,資訊科技
MKSI,"MKS Instruments, Inc. - Common Stock",Information Technology,資訊科技
MKTW,"MarketWise, Inc. - Class A Common Stock",Financials,金融
MKTX,"MarketAxess Holdings, Inc. - Common Stock",Financials,金融
MKZR,"MacKenzie Realty Capital, Inc. - Common Stock",Real Estate,房地產
MLAB,"Mesa Laboratories, Inc. - Common Stock",Information Technology,資訊科技
MLKN,"MillerKnoll, Inc. - Common Stock",Consumer Discretionary,非必需消費
MLYS,"Mineralys Therapeutics, Inc. - Common Stock",Health Care,醫療保健
MMSI,"Merit Medical Systems, Inc. - Common Stock",Health Care,醫療保健
MNKD,MannKind Corporation - Common Stock,Health Care,醫療保健
MNOV,"MediciNova, Inc. - Common Stock",Health Care,醫療保健
MNPR,Monopar Therapeutics Inc. - Common Stock,Health Care,醫療保健
MNRO,"Monro, Inc.  - Common Stock",Consumer Discretionary,非必需消費
MNSB,"MainStreet Bancshares, Inc. - Common Stock",Financials,金融
MNST,Monster Beverage Corporation - Common Stock,Consumer Staples,必需消費
MNTK,"Montauk Renewables, Inc. - Common Stock",Materials,原物料
MNTS,Momentus Inc. - Class A Common Stock,Industrials,工業
MOBX,"Mobix Labs, Inc. - Class A Common Stock",Information Technology,資訊科技
MODD,"Modular Medical, Inc. - common stock",Health Care,醫療保健
MODV,ModivCare Inc. - Common Stock,Health Care,醫療保健
MOFG,"MidWestOne Financial Group, Inc. - Common Stock",Financials,金融
MORN,"Morningstar, Inc. - Common Stock",Financials,金融
MOVE,Movano Inc. - Common Stock,Health Care,醫療保健
MPAA,"Motorcar Parts of America, Inc. - Common Stock",Consumer Discretionary,非必需消費
MPB,Mid Penn Bancorp - Common Stock,Financials,金融
MPWR,"Monolithic Power Systems, Inc. - Common Stock",Information Technology,資訊科技
MQ,"Marqeta, Inc. - Class A Common Stock",Information Technology,資訊科技
MRAM,"Everspin Technologies, Inc. - Common Stock",Information Technology,資訊科技
MRBK,Meridian Corporation - Common Stock,Financials,金融
MRCY,Mercury Systems Inc - Common Stock,Industrials,工業
MRIN,Marin Software Incorporated - Common Stock,Information Technology,資訊科技
MRKR,"Marker Therapeutics, Inc. - Common Stock",Health Care,醫療保健
MRNA,"Moderna, Inc. - Common Stock",Health Care,醫療保健
MRSN,"Mersana Therapeutics, Inc. - Common Stock",Health Care,醫療保健
MRTN,"Marten Transport, Ltd. - Common Stock",Industrials,工業
MRVI,"Maravai LifeSciences Holdings, Inc. - Class A common stock",Health Care,醫療保健
MRVL,"Marvell Technology, Inc. - Common Stock",Information Technology,資訊科技
MSAI,"MultiSensor AI Holdings, Inc. - Common Stock",Information Technology,資訊科技
MSBI,"Midland States Bancorp, Inc. - Common Stock",Financials,金融
MSEX,Middlesex Water Company - Common Stock,Utilities,公用事業
MSFT,Microsoft Corporation - Common Stock,Information Technology,資訊科技
MSGM,Motorsport Games Inc. - Class A Common Stock,Communication Services,通訊服務
MSPR,"MSP Recovery, Inc. - Class A Common Stock",Health Care,醫療保健
MSS,Maison Solutions Inc. - Class A Common Stock,Consumer Staples,必需消費
MSTR,MicroStrategy Incorporated - Class A Common Stock,Information Technology,資訊科技
MTCH,"Match Group, Inc. - Common Stock",Communication Services,通訊服務
MTEX,"Mannatech, Incorporated - Common Stock",Consumer Staples,必需消費
MTRX,Matrix Service Company - Common Stock,Industrials,工業
MTSI,"MACOM Technology Solutions Holdings, Inc. - Common Stock",Information Technology,資訊科技
MTSR,"Metsera, Inc. - Common Stock",Health Care,醫療保健
MTVA,MetaVia Inc.  - Common Stock,Health Care,醫療保健
MU,"Micron Technology, Inc. - Common Stock",Information Technology,資訊科技
MULN,"Mullen Automotive, Inc. - Common Stock",Consumer Discretionary,非必需消費
MVBF,MVB Financial Corp. - Common Stock,Financials,金融
MVIS,"MicroVision, Inc. - Common Stock",Information Technology,資訊科技
MVST,"Microvast Holdings, Inc. - Common Stock",Consumer Discretionary,非必需消費
MWYN,"Marwynn Holdings, Inc. - Common stock",Consumer Discretionary,非必需消費
MXCT,"MaxCyte, Inc. - Common Stock",Health Care,醫療保健
MXL,"MaxLinear, Inc - Common Stock",Information Technology,資訊科技
MYFW,"First Western Financial, Inc. - Common Stock",Financials,金融
MYGN,"Myriad Genetics, Inc. - Common Stock",Health Care,醫療保健
MYPS,"PLAYSTUDIOS, Inc.  - Class A Common Stock",Communication Services,通訊服務
MYRG,"MYR Group, Inc. - Common Stock",Industrials,工業
MYSZ,"My Size, Inc. - Common Stock",Information Technology,資訊科技
NAGE,"Niagen Bioscience, Inc. - Common Stock",Health Care,醫療保健
NAII,"Natural Alternatives International, Inc. - Common Stock",Consumer Staples,必需消費
NAOV,"NanoVibronix, Inc. - Common Stock",Health Care,醫療保健
NATH,"Nathan's Famous, Inc. - Common Stock",Consumer Discretionary,非必需消費
NATR,"Nature's Sunshine Products, Inc. - Common Stock",Consumer Staples,必需消費
NAUT,"Nautilus Biotechnology, Inc. - Common Stock",Health Care,醫療保健
NAVI,Navient Corporation - Common Stock,Financials,金融
NB,NioCorp Developments Ltd. - Common Stock,Materials,原物料
NBBK,"NB Bancorp, Inc. - Common Stock",Financials,金融
NBIX,"Neurocrine Biosciences, Inc. - Common Stock",Health Care,醫療保健
NBN,Northeast Bank - Common Stock,Financials,金融
NBTB,NBT Bancorp Inc. - Common Stock,Financials,金融
NCMI,"National CineMedia, Inc. - Common Stock",Communication Services,通訊服務
NCNO,"nCino, Inc. - Common Stock",Information Technology,資訊科技
NCPL,Netcapital Inc. - Common Stock,Financials,金融
NCRA,"Nocera, Inc. - common stock",Consumer Staples,必需消費
NCSM,"NCS Multistage Holdings, Inc. - Common Stock",Energy,能源
NDAQ,"Nasdaq, Inc. - Common Stock",Financials,金融
NDLS,Noodles & Company - Common Stock,Consumer Discretionary,非必需消費
NDRA,ENDRA Life Sciences Inc. - Common Stock,Health Care,醫療保健
NDSN,Nordson Corporation - Common Stock,Industrials,工業
NECB,"NorthEast Community Bancorp, Inc. - Common Stock",Financials,金融
NEHC,New Era Helium Inc - Common Stock,Energy,能源
NEO,"NeoGenomics, Inc. - Common Stock",Health Care,醫療保健
NEOG,Neogen Corporation - Common Stock,Health Care,醫療保健
NEON,Neonode Inc. - Common Stock,Information Technology,資訊科技
NEOV,NeoVolta Inc. - Common Stock,Industrials,工業
NEPH,"Nephros, Inc. - Common Stock",Health Care,醫療保健
NERV,"Minerva Neurosciences, Inc - Common Stock",Health Care,醫療保健
NEUP,Neuphoria Therapeutics Inc. - Common Stock,Health Care,醫療保健
NEWT,"NewtekOne, Inc. - Common Stock",Financials,金融
NEXT,NextDecade Corporation - Common Stock,Energy,能源
NFBK,"Northfield Bancorp, Inc. - Common Stock",Financials,金融
NFE,New Fortress Energy Inc. - Class A Common Stock,Energy,能源
NFLX,"Netflix, Inc. - Common Stock",Communication Services,通訊服務
NGNE,Neurogene Inc. - Common Stock,Health Care,醫療保健
NITO,"N2OFF, Inc. - Common Stock",Materials,原物料
NIXX,"Nixxy, Inc. - Common Stock",Industrials,工業
NKSH,"National Bankshares, Inc. - Common Stock",Financials,金融
NKTR,Nektar Therapeutics - Common Stock,Health Care,醫療保健
NKTX,"Nkarta, Inc. - Common Stock",Health Care,醫療保健
NMFC,New Mountain Finance Corporation - Common Stock,Financials,金融
NMIH,NMI Holdings Inc - Common Stock,Financials,金融
NMRA,"Neumora Therapeutics, Inc. - Common Stock",Health Care,醫療保健
NMRK,"Newmark Group, Inc. - Class A Common Stock",Real Estate,房地產
NMTC,NeuroOne Medical Technologies Corporation - Common Stock,Health Care,醫療保健
NN,NextNav Inc. - Common stock,Information Technology,資訊科技
NNBR,"NN, Inc. - Common Stock",Industrials,工業
NNE,Nano Nuclear Energy Inc. - common stock,Industrials,工業
NODK,"NI Holdings, Inc. - Common Stock",Financials,金融
NOEM,CO2 Energy Transition Corp. - Common Stock,Financials,金融
NOTV,"Inotiv, Inc. - Common Stock",Health Care,醫療保健
NPCE,"Neuropace, Inc. - Common Stock",Health Care,醫療保健
NRC,National Research Corporation - Common Stock,Health Care,醫療保健
NRDS,"NerdWallet, Inc. - Class A Common Stock",Communication Services,通訊服務
NRIM,Northrim BanCorp Inc - Common Stock,Financials,金融
NRIX,"Nurix Therapeutics, Inc. - Common stock",Health Care,醫療保健
NRXP,"NRX Pharmaceuticals, Inc. - Common Stock",Health Care,醫療保健
NSIT,"Insight Enterprises, Inc. - Common Stock",Information Technology,資訊科技
NSPR,InspireMD Inc. - Common Stock,Health Care,醫療保健
NSSC,"NAPCO Security Technologies, Inc. - Common Stock",Industrials,工業
NSTS,"NSTS Bancorp, Inc. - Common Stock",Financials,金融
NSYS,Nortech Systems Incorporated - Common Stock,Health Care,醫療保健
NTAP,"NetApp, Inc. - Common Stock",Information Technology,資訊科技
NTCT,"NetScout Systems, Inc. - Common Stock",Information Technology,資訊科技
NTGR,"NETGEAR, Inc. - Common Stock",Information Technology,資訊科技
NTHI,"NeOnc Technologies Holdings, Inc. - Common Stock",Health Care,醫療保健
NTIC,Northern Technologies International Corporation - Common Stock,Materials,原物料
NTLA,"Intellia Therapeutics, Inc. - Common Stock",Health Care,醫療保健
NTNX,"Nutanix, Inc. - Class A Common Stock",Information Technology,資訊科技
NTRA,"Natera, Inc. - Common Stock",Health Care,醫療保健
NTRB,Nutriband Inc. - Common Stock,Health Care,醫療保健
NTRP,"NextTrip, Inc. - Common Stock",Consumer Discretionary,非必需消費
NTRS,Northern Trust Corporation - Common Stock,Financials,金融
NTWK,NETSOL Technologies Inc. - Common Stock,Information Technology,資訊科技
NURO,"NeuroMetrix, Inc. - Common Stock",,
NUTX,Nutex Health Inc. - Common Stock,Health Care,醫療保健
NUVL,"Nuvalent, Inc. - Class A Common Stock",Health Care,醫療保健
NUWE,"Nuwellis, Inc. - Common Stock",Health Care,醫療保健
NVAX,"Novavax, Inc. - Common Stock",Health Care,醫療保健
NVCT,"Nuvectis Pharma, Inc. - Common Stock",Health Care,醫療保健
NVDA,NVIDIA Corporation - Common Stock,Information Technology,資訊科技
NVEC,NVE Corporation - Common Stock,Information Technology,資訊科技
NVEE,"NV5 Global, Inc. - Common Stock",Industrials,工業
NVFY,"Nova Lifestyle, Inc - Common Stock",Consumer Discretionary,非必需消費
NVNO,enVVeno Medical Corporation - Common Stock,Health Care,醫療保健
NVTS,Navitas Semiconductor Corporation - Common Stock,Information Technology,資訊科技
NVVE,Nuvve Holding Corp. - Common Stock,Consumer Discretionary,非必需消費
NWBI,"Northwest Bancshares, Inc. - Common Stock",Financials,金融
NWE,"NorthWestern Energy Group, Inc.  - Common Stock",Utilities,公用事業
NWFL,Norwood Financial Corp. - Common Stock,Financials,金融
NWL,Newell Brands Inc. - Common Stock,Consumer Staples,必需消費
NWPX,Northwest Pipe Company - Common Stock,Materials,原物料
NWS,News Corporation - Class B Common Stock,Communication Services,通訊服務
NWSA,News Corporation - Class A Common Stock,Communication Services,通訊服務
NWTG,"Newton Golf Company, Inc. - Common Stock",Consumer Discretionary,非必需消費
NXGL,"NexGel, Inc - Common Stock",Health Care,醫療保健
NXL,"Nexalin Technology, Inc. - Common Stock",Health Care,醫療保健
NXPI,NXP Semiconductors N.V. - Common Stock,Information Technology,資訊科技
NXPL,NextPlat Corp - Common Stock,Information Technology,資訊科技
NXST,"Nexstar Media Group, Inc. - Common Stock",Communication Services,通訊服務
NXT,Nextracker Inc. - Class A Common Stock,Information Technology,資訊科技
NXTC,"NextCure, Inc. - Common Stock",Health Care,醫療保健
NXXT,"NextNRG, Inc. - Common Stock",Utilities,公用事業
NYMT,"New York Mortgage Trust, Inc. - Common Stock",Real Estate,房地產
OABI,"OmniAb, Inc. - Common Stock",Health Care,醫療保健
OB,Outbrain Inc. - Common Stock,Communication Services,通訊服務
OBLG,Oblong Inc. - Common Stock,Information Technology,資訊科技
OBT,"Orange County Bancorp, Inc. - Common Stock",Financials,金融
OCC,Optical Cable Corporation - Common Stock,Information Technology,資訊科技
OCFC,OceanFirst Financial Corp. - Common Stock,Financials,金融
OCGN,"Ocugen, Inc. - Common Stock",Health Care,醫療保健
OCTO,Eightco Holdings Inc. - Common Stock,Consumer Discretionary,非必需消費
OCUL,"Ocular Therapeutix, Inc. - Common Stock",Health Care,醫療保健
OCX,Oncocyte Corporation - Common Stock,Health Care,醫療保健
ODFL,"Old Dominion Freight Line, Inc. - Common Stock",Industrials,工業
ODP,The ODP Corporation - Common Stock,Consumer Discretionary,非必需消費
ODYS,Odysight.ai Inc. - Common Stock,Information Technology,資訊科技
OESX,"Orion Energy Systems, Inc. - Common Stock",Consumer Discretionary,非必需消費
OFIX,Orthofix Medical Inc.  - Common Stock,Health Care,醫療保健
OFLX,"Omega Flex, Inc. - Common Stock",Industrials,工業
OKTA,"Okta, Inc. - Class A Common Stock",Information Technology,資訊科技
OKUR,"OnKure Therapeutics, Inc. - Class A Common Stock",Health Care,醫療保健
OLB,"The OLB Group, Inc. - Common Stock",Information Technology,資訊科技
OLED,Universal Display Corporation - Common Stock,Information Technology,資訊科技
OLLI,"Ollie's Bargain Outlet Holdings, Inc. - Common Stock",Consumer Staples,必需消費
OLMA,"Olema Pharmaceuticals, Inc. - Common Stock",Health Care,醫療保健
OLPX,"Olaplex Holdings, Inc. - Common Stock",Consumer Discretionary,非必需消費
OM,"Outset Medical, Inc. - Common Stock",Health Care,醫療保健
OMCC,Old Market Capital Corporation - Common Stock,Financials,金融
OMCL,"Omnicell, Inc. - Common Stock",Health Care,醫療保健
OMER,Omeros Corporation - Common Stock,Health Care,醫療保健
OMEX,"Odyssey Marine Exploration, Inc. - Common Stock",Materials,原物料
ON,ON Semiconductor Corporation - Common Stock,Information Technology,資訊科技
ONB,Old National Bancorp - Common Stock,Financials,金融
ONCO,"Onconetix, Inc.  - Common Stock",Health Care,醫療保健
ONDS,Ondas Holdings Inc. - Common Stock,Information Technology,資訊科技
ONEW,OneWater Marine Inc. - Class A Common Stock,Consumer Discretionary,非必需消費
ONFO,Onfolio Holdings Inc. - Common Stock,Communication Services,通訊服務
ONMD,OneMedNet Corp - Class A Common Stock,Health Care,醫療保健
OP,OceanPal Inc. - Common Stock,Industrials,工業
OPAL,OPAL Fuels Inc. - Class A Common Stock,Utilities,公用事業
OPBK,OP Bancorp - Common Stock,Financials,金融
OPCH,"Option Care Health, Inc. - Common Stock",Health Care,醫療保健
OPEN,Opendoor Technologies Inc  - Common Stock,Real Estate,房地產
OPK,"Opko Health, Inc. - Common Stock",Health Care,醫療保健
OPOF,Old Point Financial Corporation - Common Stock,Financials,金融
OPRT,Oportun Financial Corporation - common stock,Financials,金融
OPRX,OptimizeRx Corporation - Common Stock,Health Care,醫療保健
OPTN,"OptiNose, Inc. - Common Stock",Health Care,醫療保健
OPTX,"Syntec Optics Holdings, Inc. - Class A Common Stock",Information Technology,資訊科技
OPXS,"Optex Systems Holdings, Inc. - Common Stock",Industrials,工業
ORGN,"Origin Materials, Inc. - Class A Common Stock",Materials,原物料
ORIC,"Oric Pharmaceuticals, Inc. - Common Stock",Health Care,醫療保健
ORKA,"Oruka Therapeutics, Inc. - Common Stock",Health Care,醫療保健
ORLY,"O'Reilly Automotive, Inc. - Common Stock",Consumer Discretionary,非必需消費
ORMP,Oramed Pharmaceuticals Inc. - Common Stock,Health Care,醫療保健
ORRF,"Orrstown Financial Services, Inc. - Common Stock",Financials,金融
OS,"OneStream, Inc. - Class A Common Stock",Information Technology,資訊科技
OSBC,"Old Second Bancorp, Inc. - Common Stock",Financials,金融
OSIS,"OSI Systems, Inc. - Common Stock",Information Technology,資訊科技
OSPN,OneSpan Inc. - Common Stock,Information Technology,資訊科技
OSRH,"OSR Holdings, Inc. - Common Stock",Health Care,醫療保健
OSS,"One Stop Systems, Inc. - Common Stock",Information Technology,資訊科技
OSUR,"OraSure Technologies, Inc. - Common Stock",Health Care,醫療保健
OTLK,"Outlook Therapeutics, Inc. - Common Stock",Health Care,醫療保健
OTRK,"Ontrak, Inc. - Common Stock",Health Care,醫療保健
OTTR,Otter Tail Corporation - Common Stock,Industrials,工業
OUST,"Ouster, Inc. - Common Stock",Information Technology,資訊科技
OVBC,Ohio Valley Banc Corp. - Common Stock,Financials,金融
OVID,Ovid Therapeutics Inc. - Common Stock,Health Care,醫療保健
OVLY,Oak Valley Bancorp (CA) - Common Stock,Financials,金融
OZK,Bank OZK - Common Stock,Financials,金融
PACB,"Pacific Biosciences of California, Inc. - Common Stock",Health Care,醫療保健
PAHC,Phibro Animal Health Corporation - Class A Common Stock,Health Care,醫療保健
PAL,"Proficient Auto Logistics, Inc. - Common Stock",Industrials,工業
PALI,"Palisade Bio, Inc. - Common Stock",Health Care,醫療保健
PAMT,PAMT CORP - Common Stock,Industrials,工業
PANL,Pangaea Logistics Solutions Ltd. - Common Stock,Industrials,工業
PANW,"Palo Alto Networks, Inc. - Common Stock",Information Technology,資訊科技
PARA,Paramount Global - Class B Common Stock,Communication Services,通訊服務
PARAA,Paramount Global - Class A Common Stock,Communication Services,通訊服務
PASG,"Passage Bio, Inc. - Common Stock",Health Care,醫療保健
PATK,"Patrick Industries, Inc. - Common Stock",Consumer Discretionary,非必需消費
PAVM,PAVmed Inc. - Common Stock,Health Care,醫療保健
PAYO,Payoneer Global Inc. - Common Stock,Information Technology,資訊科技
PAYS,"Paysign, Inc. - Common Stock",Information Technology,資訊科技
PAYX,"Paychex, Inc. - Common Stock",Information Technology,資訊科技
PBBK,"PB Bankshares, Inc. - Common Stock",Financials,金融
PBFS,"Pioneer Bancorp, Inc. - Common Stock",Financials,金融
PBHC,"Pathfinder Bancorp, Inc. - Common Stock",Financials,金融
PBPB,Potbelly Corporation - Common Stock,Consumer Discretionary,非必需消費
PBYI,Puma Biotechnology Inc - Common Stock,Health Care,醫療保健
PCAR,PACCAR Inc. - Common Stock,Industrials,工業
PCB,PCB Bancorp - Common Stock,Financials,金融
PCH,PotlatchDeltic Corporation - Common Stock,Real Estate,房地產
PCRX,"Pacira BioSciences, Inc. - Common Stock",Health Care,醫療保健
PCSA,"Processa Pharmaceuticals, Inc. - Common Stock",Health Care,醫療保健
PCT,"PureCycle Technologies, Inc. - Common stock",Industrials,工業
PCTY,Paylocity Holding Corporation - Common Stock,Information Technology,資訊科技
PCVX,"Vaxcyte, Inc. - Common Stock",Health Care,醫療保健
PCYO,Pure Cycle Corporation - Common Stock,Utilities,公用事業
PDEX,"Pro-Dex, Inc. - Common Stock",Health Care,醫療保健
PDFS,"PDF Solutions, Inc. - Common Stock",Information Technology,資訊科技
PDLB,"Ponce Financial Group, Inc. - Common Stock",Financials,金融
PDSB,PDS Biotechnology Corporation - Common Stock,Health Care,醫療保健
PDYN,Palladyne AI Corp. - Common stock,Information Technology,資訊科技
PEBK,"Peoples Bancorp of North Carolina, Inc. - Common Stock",Financials,金融
PEBO,Peoples Bancorp Inc. - Common Stock,Financials,金融
PECO,"Phillips Edison & Company, Inc. - Common Stock",Real Estate,房地產
PEGA,Pegasystems Inc. - Common Stock,Information Technology,資訊科技
PENN,"PENN Entertainment, Inc. - Common Stock",Consumer Discretionary,非必需消費
PEP,"PepsiCo, Inc. - Common Stock",Consumer Staples,必需消費
PEPG,PepGen Inc. - Common Stock,Health Care,醫療保健
PESI,"Perma-Fix Environmental Services, Inc. - Common Stock",Industrials,工業
PET,Wag! Group Co. - Common Stock,Information Technology,資訊科技
PETS,"PetMed Express, Inc. - Common Stock",Health Care,醫療保健
PFBC,Preferred Bank - Common Stock,Financials,金融
PFG,Principal Financial Group Inc - Common Stock,Financials,金融
PFIS,Peoples Financial Services Corp.  - Common Stock,Financials,金融
PFX,PhenixFIN Corporation  - Common Stock,Financials,金融
PGC,Peapack-Gladstone Financial Corporation - Common Stock,Financials,金融
PGEN,"Precigen, Inc. - Common Stock",Health Care,醫療保健
PGNY,"Progyny, Inc. - Common Stock",Health Care,醫療保健
PHAT,"Phathom Pharmaceuticals, Inc. - Common Stock",Health Care,醫療保健
PHIO,Phio Pharmaceuticals Corp. - Common Stock,Health Care,醫療保健
PHLT,"Performant Healthcare, Inc. - Common Stock",Health Care,醫療保健
PHUN,"Phunware, Inc. - Common Stock",Information Technology,資訊科技
PI,"Impinj, Inc. - Common Stock",Information Technology,資訊科技
PIII,P3 Health Partners Inc. - Class A Common Stock,Health Care,醫療保健
PINC,"Premier, Inc. - Class A Common Stock",Health Care,醫療保健
PKBK,"Parke Bancorp, Inc. - Common Stock",Financials,金融
PKOH,Park-Ohio Holdings Corp. - Common Stock,Industrials,工業
PLAB,"Photronics, Inc. - Common Stock",Information Technology,資訊科技
PLAY,"Dave & Buster's Entertainment, Inc. - Common Stock",Communication Services,通訊服務
PLBC,Plumas Bancorp - Common Stock,Financials,金融
PLBY,"PLBY Group, Inc.  - Common Stock",Consumer Discretionary,非必需消費
PLCE,"Children's Place, Inc. (The) - Common Stock",Consumer Discretionary,非必需消費
PLL,Piedmont Lithium Inc.   - Common Stock,Materials,原物料
PLMR,"Palomar Holdings, Inc. - Common stock",Financials,金融
PLPC,Preformed Line Products Company - Common Stock,Industrials,工業
PLRX,"Pliant Therapeutics, Inc. - Common Stock",Health Care,醫療保健
PLSE,"Pulse Biosciences, Inc - Common Stock",Health Care,醫療保健
PLTK,Playtika Holding Corp. - Common Stock,Communication Services,通訊服務
PLTR,Palantir Technologies Inc. - Class A Common Stock,Information Technology,資訊科技
PLUG,"Plug Power, Inc. - Common Stock",Industrials,工業
PLUR,Pluri Inc. - Common Stock,Health Care,醫療保健
PLUS,ePlus inc. - Common Stock,Information Technology,資訊科技
PLXS,Plexus Corp. - Common Stock,Information Technology,資訊科技
PMCB,"PharmaCyte  Biotech, Inc. - Common Stock",Health Care,醫療保健
PMTS,CPI Card Group Inc. - Common Stock,Financials,金融
PMVP,"PMV Pharmaceuticals, Inc. - Common Stock",Health Care,醫療保健
PNBK,Patriot National Bancorp Inc. - Common Stock,Financials,金融
PNFP,"Pinnacle Financial Partners, Inc. - Common Stock",Financials,金融
PNRG,PrimeEnergy Resources Corporation - Common Stock,Energy,能源
PNTG,"The Pennant Group, Inc. - Common Stock",Health Care,醫療保健
POAI,Predictive Oncology Inc. - Common Stock,Health Care,醫療保健
POCI,"Precision Optics Corporation, Inc. - Common stock",Health Care,醫療保健
PODC,"PodcastOne, Inc. - Common Stock",Communication Services,通訊服務
PODD,Insulet Corporation - Common Stock,Health Care,醫療保健
POLA,"Polar Power, Inc. - Common Stock",Industrials,工業
POOL,Pool Corporation - Common Stock,Industrials,工業
POWI,"Power Integrations, Inc. - Common Stock",Information Technology,資訊科技
POWL,"Powell Industries, Inc. - Common Stock",Industrials,工業
POWW,"AMMO, Inc. - Common Stock",Industrials,工業
PPBI,Pacific Premier Bancorp Inc - Common Stock,Financials,金融
PPC,Pilgrim's Pride Corporation - Common Stock,Consumer Staples,必需消費
PPIH,"Perma-Pipe International Holdings, Inc. - Common Stock",Industrials,工業
PPSI,"Pioneer Power Solutions, Inc. - Common Stock",Industrials,工業
PRAA,"PRA Group, Inc. - Common Stock",Financials,金融
PRAX,"Praxis Precision Medicines, Inc. - Common Stock",Health Care,醫療保健
PRCH,"Porch Group, Inc. - Common Stock",Information Technology,資訊科技
PRCT,PROCEPT BioRobotics Corporation - Common Stock,Health Care,醫療保健
PRDO,Perdoceo Education Corporation - Common Stock,Consumer Staples,必需消費
PRGS,Progress Software Corporation - Common Stock,Information Technology,資訊科技
PRLD,Prelude Therapeutics Incorporated - Common Stock,Health Care,醫療保健
PRME,"Prime Medicine, Inc. - Common Stock",Health Care,醫療保健
PROF,Profound Medical Corp. - common stock,Health Care,醫療保健
PROP,Prairie Operating Co. - Common Stock,Energy,能源
PROV,"Provident Financial Holdings, Inc. - Common Stock",Financials,金融
PRPH,"ProPhase Labs, Inc. - Common Stock",Health Care,醫療保健
PRPL,"Purple Innovation, Inc. - Common Stock",Consumer Discretionary,非必需消費
PRPO,"Precipio, Inc. - Common Stock",Health Care,醫療保健
PRSO,Peraso Inc. - Common Stock,Information Technology,資訊科技
PRTG,Portage Biotech Inc. - Common Stock,Health Care,醫療保健
PRTH,"Priority Technology Holdings, Inc. - Common Stock",Information Technology,資訊科技
PRTS,"CarParts.com, Inc. - Common Stock",Consumer Discretionary,非必需消費
PRVA,"Privia Health Group, Inc. - Common Stock",Health Care,醫療保健
PSIX,"Power Solutions International, Inc. - Common Stock",Industrials,工業
PSMT,"PriceSmart, Inc. - Common Stock",Consumer Staples,必需消費
PSNL,"Personalis, Inc. - Common Stock",Health Care,醫療保健
PSTV,"PLUS THERAPEUTICS, Inc. - Common Stock",Health Care,醫療保健
PTC,PTC Inc. - Common Stock,Information Technology,資訊科技
PTCT,"PTC Therapeutics, Inc. - Common Stock",Health Care,醫療保健
PTEN,"Patterson-UTI Energy, Inc. - Common Stock",Energy,能源
PTGX,"Protagonist Therapeutics, Inc. - Common Stock",Health Care,醫療保健
PTIX,"Protagenic Therapeutics, Inc. - Common Stock",Health Care,醫療保健
PTLO,Portillo's Inc. - Class A Common Stock,Consumer Discretionary,非必需消費
PTON,"Peloton Interactive, Inc. - Common Stock",Consumer Discretionary,非必需消費
PTPI,"Petros Pharmaceuticals, Inc. - Common Stock",Health Care,醫療保健
PUBM,"PubMatic, Inc. - Class A Common Stock",Information Technology,資訊科技
PULM,"Pulmatrix, Inc. - Common Stock",Health Care,醫療保健
PVBC,"Provident Bancorp, Inc. - Common Stock",Financials,金融
PVLA,"Palvella Therapeutics, Inc. - Common Stock",Health Care,醫療保健
PWOD,"Penns Woods Bancorp, Inc. - Common Stock",Financials,金融
PWP,Perella Weinberg Partners - Class A Common Stock,Financials,金融
PXLW,"Pixelworks, Inc. - Common Stock",Information Technology,資訊科技
PXS,Pyxis Tankers Inc. - Common Stock,Energy,能源
PYPL,"PayPal Holdings, Inc. - Common Stock",Financials,金融
PYXS,"Pyxis Oncology, Inc. - Common Stock",Health Care,醫療保健
PZZA,"Papa John's International, Inc. - Common Stock",Consumer Discretionary,非必需消費
QCOM,QUALCOMM Incorporated - Common Stock,Information Technology,資訊科技
QCRH,"QCR Holdings, Inc. - Common Stock",Financials,金融
QDEL,QuidelOrtho Corporation - Common Stock,Health Care,醫療保健
QETA,Quetta Acquisition Corporation - Common Stock,Financials,金融
QLGN,"Qualigen Therapeutics, Inc. - Common Stock",Health Care,醫療保健
QLYS,"Qualys, Inc. - Common Stock",Information Technology,資訊科技
QMCO,Quantum Corporation - Common Stock,Information Technology,資訊科技
QNCX,"Quince Therapeutics, Inc. - Common Stock",Health Care,醫療保健
QNST,"QuinStreet, Inc. - Common Stock",Communication Services,通訊服務
QRHC,Quest Resource Holding Corporation - Common Stock,Industrials,工業
QRVO,"Qorvo, Inc. - Common Stock",Information Technology,資訊科技
QSI,Quantum-Si Incorporated - Class A Common Stock,Health Care,醫療保健
QTRX,Quanterix Corporation - Common Stock,Health Care,醫療保健
QTTB,Q32 Bio Inc. - Common Stock,Health Care,醫療保健
QUBT,Quantum Computing Inc. - Common Stock,Information Technology,資訊科技
QUIK,QuickLogic Corporation - Common Stock,Information Technology,資訊科技
QVCGA,"QVC Group, Inc. - Series A Common Stock",Consumer Discretionary,非必需消費
QVCGB,"QVC Group, Inc. - Series B Common Stock",Consumer Discretionary,非必需消費
RAIL,"Freightcar America, Inc. - Common Stock",Industrials,工業
RAIN,"Rain Enhancement Technologies Holdco, Inc. - Class A Common Stock",Industrials,工業
RANI,"Rani Therapeutics Holdings, Inc. - Class A Common Stock",Health Care,醫療保健
RAPP,"Rapport Therapeutics, Inc. - Common Stock",Health Care,醫療保健
RAPT,"RAPT Therapeutics, Inc. - Common Stock",Health Care,醫療保健
RARE,Ultragenyx Pharmaceutical Inc. - Common Stock,Health Care,醫療保健
RAVE,"Rave Restaurant Group, Inc. - Common Stock",Consumer Discretionary,非必需消費
RBB,RBB Bancorp - Common Stock,Financials,金融
RBBN,Ribbon Communications Inc.  - Common Stock,Information Technology,資訊科技
RBCAA,"Republic Bancorp, Inc. - Class A Common Stock",Financials,金融
RBKB,"Rhinebeck Bancorp, Inc. - Common Stock",Financials,金融
RBNE,Robin Energy Ltd. - Common Stock,Energy,能源
RCAT,"Red Cat Holdings, Inc. - Common Stock",Information Technology,資訊科技
RCEL,"Avita Medical, Inc. - Common Stock",Health Care,醫療保健
RCKT,"Rocket Pharmaceuticals, Inc. - Common Stock",Health Care,醫療保健
RCKY,"Rocky Brands, Inc. - Common Stock",Consumer Discretionary,非必需消費
RCMT,"RCM Technologies, Inc. - Common Stock",Industrials,工業
RDFN,Redfin Corporation - Common Stock,Real Estate,房地產
RDI,Reading International Inc - Class A Non-voting Common Stock,Communication Services,通訊服務
RDIB,Reading International Inc - Class B Voting Common Stock,Communication Services,通訊服務
RDNT,"RadNet, Inc. - Common Stock",Health Care,醫療保健
RDUS,"Radius Recycling, Inc. - Class A Common Stock",Materials,原物料
RDVT,"Red Violet, Inc. - Common Stock ",Information Technology,資訊科技
REAL,"The RealReal, Inc. - Common Stock",Consumer Discretionary,非必需消費
REBN,"Reborn Coffee, Inc. - Common Stock",Consumer Discretionary,非必需消費
REFI,"Chicago Atlantic Real Estate Finance, Inc. - Common Stock",Real Estate,房地產
REFR,Research Frontiers Incorporated - Common Stock,Information Technology,資訊科技
REG,Regency Centers Corporation - Common Stock,Real Estate,房地產
REGN,"Regeneron Pharmaceuticals, Inc. - Common Stock",Health Care,醫療保健
REKR,"Rekor Systems, Inc. - Common Stock",Information Technology,資訊科技
RELI,"Reliance Global Group, Inc. - Common Stock",Financials,金融
RELL,"Richardson Electronics, Ltd. - Common Stock",Information Technology,資訊科技
RELY,"Remitly Global, Inc. - Common stock",Information Technology,資訊科技
RENB,Renovaro Inc. - Common Stock,Health Care,醫療保健
RENT,"Rent the Runway, Inc. - Class A Common Stock",Consumer Discretionary,非必需消費
REPL,"Replimune Group, Inc. - Common Stock",Health Care,醫療保健
REVB,"Revelation Biosciences, Inc. - Common Stock",Health Care,醫療保健
REYN,Reynolds Consumer Products Inc. - Common Stock,Consumer Discretionary,非必需消費
RFIL,"RF Industries, Ltd. - Common Stock",Industrials,工業
RGCO,RGC Resources Inc. - Common Stock,Utilities,公用事業
RGEN,Repligen Corporation - Common Stock,Health Care,醫療保健
RGLD,"Royal Gold, Inc. - Common Stock",Materials,原物料
RGLS,Regulus Therapeutics Inc. - Common Stock,Health Care,醫療保健
RGNX,REGENXBIO Inc. - Common Stock,Health Care,醫療保健
RGP,"Resources Connection, Inc. - Common Stock",Industrials,工業
RGS,Regis Corporation - Common Stock,Consumer Discretionary,非必需消費
RGTI,"Rigetti Computing, Inc.  - Common stock",Information Technology,資訊科技
RHLD,Resolute Holdings Management - Common Stock,Industrials,工業
RICK,"RCI Hospitality Holdings, Inc. - Common Stock",Consumer Discretionary,非必需消費
RIGL,"Rigel Pharmaceuticals, Inc. - Common Stock",Health Care,醫療保健
RILY,"B. Riley Financial, Inc. - Common Stock",Financials,金融
RIME,"Algorhythm Holdings, Inc. - Common Stock",Information Technology,資訊科技
RIOT,"Riot Platforms, Inc. - Common Stock",Financials,金融
RIVN,"Rivian Automotive, Inc. - Class A Common Stock",Consumer Discretionary,非必需消費
RKDA,"Arcadia Biosciences, Inc. - Common Stock",Consumer Staples,必需消費
RKLB,"Rocket Lab USA, Inc. - Common Stock",Industrials,工業
RLAY,"Relay Therapeutics, Inc. - Common Stock",Health Care,醫療保健
RLMD,"Relmada Therapeutics, Inc. - Common Stock",Health Care,醫療保健
RLYB,Rallybio Corporation - Common Stock,Health Care,醫療保健
RMBI,"Richmond Mutual Bancorporation, Inc. - Common Stock",Financials,金融
RMBL,"RumbleOn, Inc. - Class B Common Stock",Consumer Discretionary,非必需消費
RMBS,"Rambus, Inc. - Common Stock",Information Technology,資訊科技
RMCF,"Rocky Mountain Chocolate Factory, Inc. - Common Stock",Consumer Staples,必需消費
RMCO,Royalty Management Holding Corporation - Class A Common Stock,Financials,金融
RMNI,"Rimini Street, Inc. - Common Stock",Information Technology,資訊科技
RMR,The RMR Group Inc. - Class A Common Stock,Real Estate,房地產
RMTI,"Rockwell Medical, Inc. - Common Stock",Health Care,醫療保健
RNA,"Avidity Biosciences, Inc. - Common Stock",Health Care,醫療保健
RNAC,"Cartesian Therapeutics, Inc. - Common Stock",Health Care,醫療保健
RNAZ,"TransCode Therapeutics, Inc. - Common Stock",Health Care,醫療保健
RNTX,"Rein Therapeutics, Inc. - Common Stock",Health Care,醫療保健
RNXT,"RenovoRx, Inc. - Common Stock",Health Care,醫療保健
ROAD,"Construction Partners, Inc. - Common Stock",Industrials,工業
ROCK,"Gibraltar Industries, Inc. - Common Stock",Industrials,工業
ROKU,"Roku, Inc. - Class A Common Stock",Communication Services,通訊服務
ROOT,"Root, Inc. - Common Stock",Financials,金融
ROP,"Roper Technologies, Inc. - Common Stock",Information Technology,資訊科技
ROST,"Ross Stores, Inc. - Common Stock",Consumer Discretionary,非必需消費
RPAY,Repay Holdings Corporation - Class A Common Stock,Information Technology,資訊科技
RPD,"Rapid7, Inc. - Common Stock",Information Technology,資訊科技
RPID,"Rapid Micro Biosystems, Inc. - Class A Common Stock",Health Care,醫療保健
RR,Richtech Robotics Inc. - Class B Common Stock,Industrials,工業
RRBI,"Red River Bancshares, Inc. - Common Stock",Financials,金融
RRGB,"Red Robin Gourmet Burgers, Inc. - Common Stock",Consumer Discretionary,非必需消費
RRR,"Red Rock Resorts, Inc. - Class A Common Stock",Consumer Discretionary,非必需消費
RSLS,"ReShape Lifesciences, Inc. - Common Stock",Health Care,醫療保健
RSSS,"Research Solutions, Inc - Common Stock",Information Technology,資訊科技
RSVR,"Reservoir Media, Inc.. - Common Stock",Communication Services,通訊服務
RUM,Rumble Inc. - Class A Common Stock,Communication Services,通訊服務
RUN,Sunrun Inc. - Common Stock,Information Technology,資訊科技
RUSHA,"Rush Enterprises, Inc. - Class A Common Stock",Consumer Discretionary,非必需消費
RUSHB,"Rush Enterprises, Inc. - Class B Common Stock",Consumer Discretionary,非必需消費
RVMD,"Revolution Medicines, Inc. - Common Stock",Health Care,醫療保健
RVPH,"Reviva Pharmaceuticals Holdings, Inc. - Common Stock",Health Care,醫療保健
RVSB,Riverview Bancorp Inc - Common Stock,Financials,金融
RVYL,Ryvyl Inc. - Common Stock,Information Technology,資訊科技
RWAY,Runway Growth Finance Corp. - Common Stock,Financials,金融
RXRX,"Recursion Pharmaceuticals, Inc. - Class A Common Stock",Health Care,醫療保健
RXST,"RxSight, Inc. - Common Stock",Health Care,醫療保健
RXT,"Rackspace Technology, Inc. - Common Stock",Information Technology,資訊科技
RYTM,"Rhythm Pharmaceuticals, Inc. - Common Stock",Health Care,醫療保健
RZLT,"Rezolute, Inc. - Common Stock (NV)",Health Care,醫療保健
SABR,Sabre Corporation - Common Stock,Information Technology,資訊科技
SABS,"SAB Biotherapeutics, Inc. - Common Stock",Health Care,醫療保健
SAFT,"Safety Insurance Group, Inc. - Common Stock",Financials,金融
SAGE,"Sage Therapeutics, Inc. - Common Stock",Health Care,醫療保健
SAIA,"Saia, Inc. - Common Stock",Industrials,工業
SAIC,Science Applications International Corporation - Common Stock,Information Technology,資訊科技
SAIL,"SailPoint, Inc. - Common Stock",Information Technology,資訊科技
SAMG,Silvercrest Asset Management Group Inc. - Common Stock,Financials,金融
SANA,"Sana Biotechnology, Inc. - Common Stock",Health Care,醫療保健
SANM,Sanmina Corporation - Common Stock,Information Technology,資訊科技
SANW,S&W Seed Company - Common Stock,Materials,原物料
SATL,Satellogic Inc. - Class A Common Stock,Industrials,工業
SATS,EchoStar Corporation - Common stock,Communication Services,通訊服務
SAVA,"Cassava Sciences, Inc. - Common Stock",Health Care,醫療保健
SBAC,SBA Communications Corporation - Class A Common Stock,Real Estate,房地產
SBC,SBC Medical Group Holdings Incorporated - Common Stock,Industrials,工業
SBCF,Seacoast Banking Corporation of Florida - Common Stock,Financials,金融
SBET,"SharpLink Gaming, Inc. - Common Stock",Consumer Discretionary,非必需消費
SBFG,"SB Financial Group, Inc. - Common Stock",Financials,金融
SBFM,Sunshine Biopharma Inc. - Common stock,Health Care,醫療保健
SBGI,"Sinclair, Inc. - Class A Common Stock",Communication Services,通訊服務
SBRA,"Sabra Health Care REIT, Inc. - Common Stock",Real Estate,房地產
SBUX,Starbucks Corporation - Common Stock,Consumer Discretionary,非必需消費
SCHL,Scholastic Corporation - Common Stock,Communication Services,通訊服務
SCKT,"Socket Mobile, Inc. - Common Stock",Information Technology,資訊科技
SCLX,Scilex Holding Company - Common Stock,Health Care,醫療保健
SCNX,"Scienture Holdings, Inc. - Common Stock",Health Care,醫療保健
SCOR,"comScore, Inc. - Common Stock",Communication Services,通訊服務
SCPH,scPharmaceuticals Inc. - Common Stock,Health Care,醫療保健
SCSC,"ScanSource, Inc. - Common Stock",Information Technology,資訊科技
SCVL,"Shoe Carnival, Inc. - Common Stock",Consumer Discretionary,非必需消費
SCWO,374Water Inc. - common stock,Industrials,工業
SCYX,"SCYNEXIS, Inc. - Common Stock",Health Care,醫療保健
SDGR,"Schrodinger, Inc. - Common Stock",Health Care,醫療保健
SDOT,Sadot Group Inc. - Common Stock,Consumer Staples,必需消費
SDST,Stardust Power Inc. - Common Stock,Industrials,工業
SEAT,Vivid Seats Inc. - Class A common stock,Communication Services,通訊服務
SEDG,"SolarEdge Technologies, Inc. - Common Stock",Information Technology,資訊科技
SEER,"Seer, Inc. - Class A Common Stock",Health Care,醫療保健
SEIC,SEI Investments Company - Common Stock,Financials,金融
SELF,"Global Self Storage, Inc. - Common Stock",Real Estate,房地產
SENEA,Seneca Foods Corp. - Class A Common Stock,Consumer Staples,必需消費
SENEB,Seneca Foods Corp. - Class B Common Stock,Consumer Staples,必需消費
SEPN,"Septerna, Inc. - Common Stock",Health Care,醫療保健
SERA,"Sera Prognostics, Inc. - Class A Common Stock",Health Care,醫療保健
SERV,Serve Robotics Inc. - Common Stock,Industrials,工業
SEVN,Seven Hills Realty Trust  - Common Stock,Real Estate,房地產
SEZL,Sezzle Inc. - Common Stock,Financials,金融
SFBC,"Sound Financial Bancorp, Inc. - Common Stock",Financials,金融
SFD,"Smithfield Foods, Inc. - Common Stock",Consumer Staples,必需消費
SFIX,"Stitch Fix, Inc. - Class A Common Stock",Consumer Discretionary,非必需消費
SFM,"Sprouts Farmers Market, Inc. - Common Stock",Consumer Staples,必需消費
SFNC,Simmons First National Corporation - Common Stock,Financials,金融
SFST,"Southern First Bancshares, Inc. - Common Stock",Financials,金融
SGA,"Saga Communications, Inc. - Class A Common Stock",Communication Services,通訊服務
SGBX,Safe & Green Holdings Corp. - Common Stock,Industrials,工業
SGC,"Superior Group of Companies, Inc. - Common Stock",Consumer Discretionary,非必需消費
SGD,Safe and Green Development Corporation - Common Stock,Real Estate,房地產
SGHT,"Sight Sciences, Inc. - Common Stock",Health Care,醫療保健
SGLY,Singularity Future Technology Ltd. - Common Stock,Industrials,工業
SGMA,"SigmaTron International, Inc. - Common Stock",Information Technology,資訊科技
SGMO,"Sangamo Therapeutics, Inc. - Common Stock",Health Care,醫療保健
SGMT,Sagimet Biosciences Inc. - Series A Common Stock,Health Care,醫療保健
SGRP,"SPAR Group, Inc. - Common Stock",Industrials,工業
SGRY,"Surgery Partners, Inc. - Common Stock",Health Care,醫療保健
SHBI,"Shore Bancshares, Inc. - Common Stock",Financials,金融
SHC,Sotera Health Company - Common Stock,Health Care,醫療保健
SHEN,Shenandoah Telecommunications Co - Common Stock,Communication Services,通訊服務
SHFS,"SHF Holdings, Inc. - Class A Common Stock",Financials,金融
SHIM,Shimmick Corporation - Common Stock,Industrials,工業
SHIP,Seanergy Maritime Holdings Corp. - Common Stock,Industrials,工業
SHLS,"Shoals Technologies Group, Inc. - Class A Common Stock",Information Technology,資訊科技
SHOO,"Steven Madden, Ltd. - Common Stock",Consumer Discretionary,非必需消費
SHOT,"Safety Shot, Inc. - Common Stock",Consumer Staples,必需消費
SHPH,"Shuttle Pharmaceuticals Holdings, Inc. - common stock",Health Care,醫療保健
SHYF,"The Shyft Group, Inc. - Common Stock",Industrials,工業
SIBN,"SI-BONE, Inc. - Common Stock",Health Care,醫療保健
SIDU,"Sidus Space, Inc. - Class A Common Stock",Industrials,工業
SIEB,Siebert Financial Corp. - Common Stock,Financials,金融
SIGA,SIGA Technologies Inc. - Common Stock,Health Care,醫療保健
SIGI,"Selective Insurance Group, Inc. - Common Stock",Financials,金融
SILO,"Silo Pharma, Inc. - Common Stock",Health Care,醫療保健
SINT,"SiNtx Technologies, Inc. - Common Stock",Health Care,醫療保健
SION,"Sionna Therapeutics, Inc. - Common Stock",Health Care,醫療保健
SIRI,SiriusXM Holdings Inc. - Common Stock,Communication Services,通訊服務
SISI,"Shineco, Inc. - Common Stock",Consumer Staples,必需消費
SITM,SiTime Corporation - Common Stock,Information Technology,資訊科技
SJW,SJW Group - Common Stock,,
SKIN,The Beauty Health Company - Class A Common Stock,Consumer Staples,必需消費
SKWD,"Skyward Specialty Insurance Group, Inc. - Common Stock",Financials,金融
SKYE,"Skye Bioscience, Inc. - Common Stock",Health Care,醫療保健
SKYQ,Sky Quarry Inc. - Common Stock,Energy,能源
SKYT,"SkyWater Technology, Inc. - Common Stock",Information Technology,資訊科技
SKYW,"SkyWest, Inc. - Common Stock",Industrials,工業
SKYX,SKYX Platforms Corp. - Common Stock,Industrials,工業
SLAB,"Silicon Laboratories, Inc. - Common Stock",Information Technology,資訊科技
SLDB,Solid Biosciences Inc. - Common Stock,Health Care,醫療保健
SLDP,"Solid Power, Inc. - Class A Common Stock",Consumer Discretionary,非必需消費
SLE,"Super League Enterprise, Inc. - Common Stock",Communication Services,通訊服務
SLM,SLM Corporation - Common Stock,Financials,金融
SLNG,"Stabilis Solutions, Inc. - Common Stock",Energy,能源
SLNH,"Soluna Holdings, Inc. - Common Stock",Financials,金融
SLNO,"Soleno Therapeutics, Inc. - Common Stock",Health Care,醫療保健
SLP,"Simulations Plus, Inc. - Common Stock",Health Care,醫療保健
SLRN,"ACELYRIN, INC. - Common Stock",Health Care,醫療保健
SLRX,"Salarius Pharmaceuticals, Inc. - Common Stock",Health Care,醫療保健
SLS,"SELLAS Life Sciences Group, Inc.  - Common Stock",Health Care,醫療保健
SLSN,"Solesence, Inc. - Common stock",Consumer Staples,必需消費
SMBC,"Southern Missouri Bancorp, Inc. - Common Stock",Financials,金融
SMCI,"Super Micro Computer, Inc. - Common Stock",Information Technology,資訊科技
SMID,Smith-Midland Corporation - Common Stock,Materials,原物料
SMLR,"Semler Scientific, Inc. - Common Stock",Health Care,醫療保健
SMMT,Summit Therapeutics Inc.  - Common Stock,Health Care,醫療保健
SMPL,The Simply Good Foods Company - Common Stock,Consumer Staples,必需消費
SMSI,"Smith Micro Software, Inc. - Common Stock",Information Technology,資訊科技
SMTC,Semtech Corporation - Common Stock,Information Technology,資訊科技
SMTI,Sanara MedTech Inc. - Common Stock,Health Care,醫療保健
SMTK,"SmartKem, Inc. - Common Stock",Information Technology,資訊科技
SMXT,Solarmax Technology Inc. - Common Stock,Information Technology,資訊科技
SNAL,"Snail, Inc. - Class A Common Stock",Communication Services,通訊服務
SNBR,Sleep Number Corporation - Common Stock,Consumer Discretionary,非必需消費
SNCR,"Synchronoss Technologies, Inc. - Common Stock",Information Technology,資訊科技
SNCY,"Sun Country Airlines Holdings, Inc. - Common Stock",Industrials,工業
SND,"Smart Sand, Inc. - Common Stock",Energy,能源
SNDK,Sandisk Corporation - Common Stock,Information Technology,資訊科技
SNDX,"Syndax Pharmaceuticals, Inc. - Common Stock",Health Care,醫療保健
SNES,"SenesTech, Inc. - Common Stock",Materials,原物料
SNEX,StoneX Group Inc. - Common Stock,Financials,金融
SNFCA,Security National Financial Corporation - Class A Common Stock,Financials,金融
SNGX,"Soligenix, Inc. - Common Stock",Health Care,醫療保健
SNOA,"Sonoma Pharmaceuticals, Inc. - Common Stock",Health Care,醫療保健
SNPS,"Synopsys, Inc. - Common Stock",Information Technology,資訊科技
SNPX,"Synaptogenix, Inc. - Common Stock",Health Care,醫療保健
SNSE,"Sensei Biotherapeutics, Inc. - Common Stock",Health Care,醫療保健
SNTI,"Senti Biosciences, Inc.  - Common Stock",Health Care,醫療保健
SNWV,"SANUWAVE Health, Inc. - Common Stock",Health Care,醫療保健
SNYR,Synergy CHC Corp. - Common Stock,Health Care,醫療保健
SOBR,"SOBR Safe, Inc. - Common Stock",Information Technology,資訊科技
SOFI,"SoFi Technologies, Inc.  - Common Stock",Financials,金融
SOHO,Sotherly Hotels Inc. - Common Stock,Real Estate,房地產
SOND,Sonder Holdings Inc. - Class A Common Stock,Consumer Discretionary,非必需消費
SONM,"Sonim Technologies, Inc. - Common Stock",Information Technology,資訊科技
SONN,"Sonnet BioTherapeutics Holdings, Inc. - Common Stock",Health Care,醫療保健
SONO,"Sonos, Inc. - Common Stock",Information Technology,資訊科技
SOPA,Society Pass Incorporated - Common Stock,Information Technology,資訊科技
SOTK,Sono-Tek Corporation - Common Stock,Information Technology,資訊科技
SOUN,"SoundHound AI, Inc. - Class A Common Stock",Information Technology,資訊科技
SOWG,Sow Good Inc. - Common Stock,Consumer Staples,必需消費
SPAI,Safe Pro Group Inc. - Common Stock,Industrials,工業
SPFI,"South Plains Financial, Inc. - Common Stock",Financials,金融
SPOK,"Spok Holdings, Inc. - Common Stock",Health Care,醫療保健
SPRO,"Spero Therapeutics, Inc. - Common Stock",Health Care,醫療保健
SPRY,"ARS Pharmaceuticals, Inc. - Common Stock",Health Care,醫療保健
SPSC,"SPS Commerce, Inc. - Common Stock",Information Technology,資訊科技
SPT,"Sprout Social, Inc - Class A Common Stock",Information Technology,資訊科技
SPTN,SpartanNash Company - Common Stock,Consumer Staples,必需消費
SPWH,"Sportsman's Warehouse Holdings, Inc. - Common Stock",Consumer Discretionary,非必需消費
SPWR,"Complete Solaria, Inc. - Common Stock",Information Technology,資訊科技
SQFT,"Presidio Property Trust, Inc. - Class A Common Stock",Real Estate,房地產
SQFTW,"Presidio Property Trust, Inc. - Series A Common Stock Purchase Warrants",Real Estate,房地產
SRBK,"SR Bancorp, Inc. - Common stock",Financials,金融
SRCE,1st Source Corporation - Common Stock,Financials,金融
SRDX,"Surmodics, Inc. - Common Stock",Health Care,醫療保健
SRM,"SRM Entertainment, Inc. - Common Stock",Consumer Discretionary,非必需消費
SRPT,"Sarepta Therapeutics, Inc. - Common Stock",Health Care,醫療保健
SRRK,Scholar Rock Holding Corporation - Common Stock,Health Care,醫療保健
SRTS,"Sensus Healthcare, Inc. - Common Stock",Health Care,醫療保健
SRZN,"Surrozen, Inc. - Common Stock",Health Care,醫療保健
SSBI,Summit State Bank - Common Stock,Financials,金融
SSBK,"Southern States Bancshares, Inc. - Common Stock",Financials,金融
SSII,SS Innovations International Inc. - Common Stock,Health Care,醫療保健
SSKN,"Strata Skin Sciences, Inc. - Common Stock",Health Care,醫療保健
SSNC,"SS&C Technologies Holdings, Inc. - Common Stock",Information Technology,資訊科技
SSP,E.W. Scripps Company (The) - Class A Common Stock,Communication Services,通訊服務
SSRM,SSR Mining Inc. - Common Stock,Materials,原物料
SSTI,"SoundThinking, Inc. - Common Stock",Information Technology,資訊科技
SSYS,"Stratasys, Ltd. - Common Stock",Information Technology,資訊科技
STAA,STAAR Surgical Company - Common Stock,Health Care,醫療保健
STAI,ScanTech AI Systems Inc. - Common stock,Industrials,工業
STBA,"S&T Bancorp, Inc. - Common Stock",Financials,金融
STEP,StepStone Group Inc. - Class A Common Stock,Financials,金融
STGW,Stagwell Inc. - Class A Common Stock,Communication Services,通訊服務
STI,"Solidion Technology, Inc. - Common Stock",Industrials,工業
STIM,"Neuronetics, Inc. - Common Stock",Health Care,醫療保健
STKL,"SunOpta, Inc. - Common Stock",Consumer Staples,必需消費
STKS,"The ONE Group Hospitality, Inc. - Common Stock",Consumer Discretionary,非必需消費
STLD,"Steel Dynamics, Inc. - Common Stock",Materials,原物料
STOK,"Stoke Therapeutics, Inc. - Common Stock",Health Care,醫療保健
STRA,"Strategic Education, Inc. - Common Stock",Consumer Staples,必需消費
STRL,"Sterling Infrastructure, Inc. - Common Stock",Industrials,工業
STRM,"Streamline Health Solutions, Inc. - Common Stock",Health Care,醫療保健
STRO,"Sutro Biopharma, Inc. - Common Stock",Health Care,醫療保健
STRR,"Star Equity Holdings, Inc. - Common Stock",Health Care,醫療保健
STRS,Stratus Properties Inc. - Common Stock,Real Estate,房地產
STRT,STRATTEC SECURITY CORPORATION - Common Stock,Consumer Discretionary,非必需消費
STSS,Sharps Technology Inc. - Common Stock,Health Care,醫療保健
STTK,"Shattuck Labs, Inc. - Common Stock",Health Care,醫療保健
SUNE,"SUNation Energy, Inc. - Common Stock",Information Technology,資訊科技
SUNS,"Sunrise Realty Trust, Inc. - Common Stock",Real Estate,房地產
SUPN,"Supernus Pharmaceuticals, Inc. - Common Stock",Health Care,醫療保健
SURG,"SurgePays, Inc. - Common Stock",Communication Services,通訊服務
SUUN,SolarBank Corporation - Common Stock,Utilities,公用事業
SVCO,"Silvaco Group, Inc. - Common Stock",Information Technology,資訊科技
SVRA,"Savara, Inc. - Common Stock",Health Care,醫療保健
SWAG,"Stran & Company, Inc. - Common Stock",Communication Services,通訊服務
SWBI,"Smith & Wesson Brands, Inc. - Common Stock",Industrials,工業
SWIM,"Latham Group, Inc. - Common Stock",Industrials,工業
SWKH,SWK Holdings Corporation - Common Stock,Financials,金融
SWKS,"Skyworks Solutions, Inc. - Common Stock",Information Technology,資訊科技
SWTX,"SpringWorks Therapeutics, Inc. - common stock",Health Care,醫療保健
SXTC,"China SXT Pharmaceuticals, Inc. - Common Stock",Health Care,醫療保健
SXTP,"60 Degrees Pharmaceuticals, Inc. - Common Stock",Health Care,醫療保健
SYBT,"Stock Yards Bancorp, Inc. - Common Stock",Financials,金融
SYBX,"Synlogic, Inc. - Common Stock",Health Care,醫療保健
SYM,Symbotic Inc. - Class A Common Stock,Industrials,工業
SYNA,Synaptics Incorporated - Common Stock,Information Technology,資訊科技
SYPR,"Sypris Solutions, Inc. - Common Stock",Consumer Discretionary,非必需消費
SYRE,"Spyre Therapeutics, Inc. - Common Stock",Health Care,醫療保健
TACT,TransAct Technologies Incorporated - Common Stock,Information Technology,資訊科技
TAIT,Taitron Components Incorporated - Class A Common Stock,Information Technology,資訊科技
TALK,"Talkspace, Inc. - Common Stock",Health Care,醫療保健
TARA,"Protara Therapeutics, Inc.  - Common Stock",Health Care,醫療保健
TARS,"Tarsus Pharmaceuticals, Inc. - Common Stock",Health Care,醫療保健
TASK,"TaskUs, Inc. - Class A Common Stock",Information Technology,資訊科技
TAYD,"Taylor Devices, Inc. - Common Stock",Industrials,工業
TBBK,"The Bancorp, Inc. - Common Stock",Financials,金融
TBCH,Turtle Beach Corporation - Common Stock,Information Technology,資訊科技
TBH,"Brag House Holdings, Inc. - Common Stock",Communication Services,通訊服務
TBMC,Trailblazer Merger Corporation I - Class A Common Stock,Financials,金融
TBRG,"TruBridge, Inc. - Common Stock",Health Care,醫療保健
TCBI,"Texas Capital Bancshares, Inc. - Common Stock",Financials,金融
TCBK,TriCo Bancshares - Common Stock,Financials,金融
TCBS,"Texas Community Bancshares, Inc. - Common Stock",Financials,金融
TCBX,"Third Coast Bancshares, Inc. - Common Stock",Financials,金融
TCMD,"Tactile Systems Technology, Inc. - Common Stock",Health Care,醫療保健
TCRT,"Alaunos Therapeutics, Inc. - Common Stock",Health Care,醫療保健
TCRX,"TScan Therapeutics, Inc. - Common Stock",Health Care,醫療保健
TCX,Tucows Inc. - Common Stock,Information Technology,資訊科技
TDUP,ThredUp Inc. - Class A Common Stock,Consumer Discretionary,非必需消費
TEAM,Atlassian Corporation  - Class A Common Stock,Information Technology,資訊科技
TECH,Bio-Techne Corp - Common Stock,Health Care,醫療保健
TECX,"Tectonic Therapeutic, Inc. - Common Stock",Health Care,醫療保健
TELA,"TELA Bio, Inc. - Common stock",Health Care,醫療保健
TELO,"Telomir Pharmaceuticals, Inc. - Common Stock",Health Care,醫療保健
TEM,"Tempus AI, Inc. - Class A Common Stock",Health Care,醫療保健
TENB,"Tenable Holdings, Inc. - Common Stock",Information Technology,資訊科技
TENX,"Tenax Therapeutics, Inc. - Common Stock",Health Care,醫療保健
TER,"Teradyne, Inc. - Common Stock",Information Technology,資訊科技
TERN,"Terns Pharmaceuticals, Inc. - Common Stock",Health Care,醫療保健
TFIN,"Triumph Financial, Inc. - Common Stock",Financials,金融
TFSL,TFS Financial Corporation - Common Stock,Financials,金融
TGL,Treasure Global Inc. - Common Stock,Information Technology,資訊科技
TGTX,"TG Therapeutics, Inc. - Common Stock",Health Care,醫療保健
TH,Target Hospitality Corp. - Common Stock,Industrials,工業
THAR,"Tharimmune, Inc. - Common Stock",Health Care,醫療保健
THFF,First Financial Corporation  - Common Stock,Financials,金融
THRD,"Third Harmonic Bio, Inc. - Common Stock",Health Care,醫療保健
THRM,Gentherm Inc - Common Stock,Consumer Discretionary,非必需消費
THRY,"Thryv Holdings, Inc. - Common Stock",Communication Services,通訊服務
TIGO,Millicom International Cellular S.A. - Common Stock,Communication Services,通訊服務
TIL,"Instil Bio, Inc. - Common Stock",Health Care,醫療保健
TILE,"Interface, Inc. - Common Stock",Consumer Discretionary,非必需消費
TIPT,Tiptree Inc. - Common Stock,Financials,金融
TITN,Titan Machinery Inc. - Common Stock,Industrials,工業
TIVC,"Tivic Health Systems, Inc. - Common stock",Health Care,醫療保健
TKNO,"Alpha Teknova, Inc. - Common Stock",Health Care,醫療保健
TLF,"Tandy Leather Factory, Inc. - common stock",Consumer Discretionary,非必需消費
TLN,Talen Energy Corporation - Common Stock,Utilities,公用事業
TLPH,"Talphera, Inc. - Common Stock",Health Care,醫療保健
TLRY,"Tilray Brands, Inc. - Common Stock",Health Care,醫療保健
TLS,Telos Corporation - Common Stock,Information Technology,資訊科技
TLSI,"TriSalus Life Sciences, Inc. - Common Stock",Health Care,醫療保健
TMC,TMC the metals company Inc. - Common Stock,Materials,原物料
TMCI,"Treace Medical Concepts, Inc. - Common Stock",Health Care,醫療保健
TMDX,"TransMedics Group, Inc. - Common Stock",Health Care,醫療保健
TMUS,"T-Mobile US, Inc. - Common Stock",Communication Services,通訊服務
TNDM,"Tandem Diabetes Care, Inc. - Common Stock",Health Care,醫療保健
TNFA,"TNF Pharmaceuticals, Inc.  - Common Stock",Health Care,醫療保健
TNGX,"Tango Therapeutics, Inc. - Common Stock",Health Care,醫療保健
TNON,"Tenon Medical, Inc. - Common Stock",Health Care,醫療保健
TNXP,Tonix Pharmaceuticals Holding Corp. - Common Stock,Health Care,醫療保健
TNYA,"Tenaya Therapeutics, Inc. - Common Stock",Health Care,醫療保健
TOI,"The Oncology Institute, Inc. - Common Stock",Health Care,醫療保健
TOMZ,"TOMI Environmental Solutions, Inc. - Common Stock",Industrials,工業
TORO,Toro Corp. - Common stock,Industrials,工業
TOWN,Towne Bank - Common Stock,Financials,金融
TPCS,TechPrecision Corporation - Common stock,Industrials,工業
TPG,TPG Inc. - Class A Common Stock,Financials,金融
TPIC,"TPI Composites, Inc. - Common Stock",Industrials,工業
TPST,"Tempest Therapeutics, Inc. - Common Stock",Health Care,醫療保健
TRAW,"Traws Pharma, Inc. - Common Stock",Health Care,醫療保健
TRDA,"Entrada Therapeutics, Inc. - Common Stock",Health Care,醫療保健
TREE,"LendingTree, Inc. - Common Stock",Financials,金融
TRIN,Trinity Capital Inc. - Common Stock,Financials,金融
TRIP,"TripAdvisor, Inc. - Common Stock",Consumer Discretionary,非必需消費
TRMB,Trimble Inc. - Common Stock,Information Technology,資訊科技
TRMD,TORM plc - Class A Common Stock,Energy,能源
TRMK,Trustmark Corporation - Common Stock,Financials,金融
TRML,"Tourmaline Bio, Inc.  - Common Stock",Health Care,醫療保健
TRNR,Interactive Strength Inc. - Common Stock,Consumer Discretionary,非必需消費
TRNS,"Transcat, Inc. - Common Stock",Industrials,工業
TROW,"T. Rowe Price Group, Inc. - Common Stock",Financials,金融
TRS,TriMas Corporation - Common Stock,Consumer Discretionary,非必需消費
TRST,TrustCo Bank Corp NY - Common Stock,Financials,金融
TRUE,"TrueCar, Inc. - Common Stock",Communication Services,通訊服務
TRUG,"TruGolf Holdings, Inc. - Class A Common Stock",Communication Services,通訊服務
TRUP,"Trupanion, Inc. - Common Stock",Financials,金融
TRVI,"Trevi Therapeutics, Inc. - Common Stock",Health Care,醫療保健
TSBK,"Timberland Bancorp, Inc. - Common Stock",Financials,金融
TSBX,Turnstone Biologics Corp. - Common Stock,Health Care,醫療保健
TSCO,Tractor Supply Company - Common Stock,Consumer Discretionary,非必需消費
TSHA,"Taysha Gene Therapies, Inc. - Common Stock",Health Care,醫療保健
TSLA,"Tesla, Inc.  - Common Stock",Consumer Discretionary,非必需消費
TSSI,"TSS, Inc. - Common Stock",Information Technology,資訊科技
TSVT,"2seventy bio, Inc. - Common Stock",,
TTAN,"ServiceTitan, Inc. - Class A Common Stock",Information Technology,資訊科技
TTD,"The Trade Desk, Inc. - Class A Common Stock",Communication Services,通訊服務
TTEC,"TTEC Holdings, Inc. - Common Stock",Information Technology,資訊科技
TTEK,"Tetra Tech, Inc. - Common Stock",Industrials,工業
TTGT,"TechTarget, Inc. - Common Stock",Information Technology,資訊科技
TTMI,"TTM Technologies, Inc. - Common Stock",Information Technology,資訊科技
TTNP,"Titan Pharmaceuticals, Inc. - Common Stock",Health Care,醫療保健
TTSH,"Tile Shop Holdings, Inc. - Common Stock",Consumer Discretionary,非必需消費
TTWO,"Take-Two Interactive Software, Inc. - Common Stock",Communication Services,通訊服務
TUSK,"Mammoth Energy Services, Inc. - Common Stock",Industrials,工業
TVGN,Tevogen Bio Holdings Inc. - Common Stock,Health Care,醫療保健
TVRD,"Tvardi Therapeutics, Inc. - Common Stock",Health Care,醫療保健
TVTX,"Travere Therapeutics, Inc. - Common Stock",Health Care,醫療保健
TW,Tradeweb Markets Inc. - Class A Common Stock,Financials,金融
TWFG,"TWFG, Inc. - Common Stock",Financials,金融
TWIN,"Twin Disc, Incorporated - Common Stock",Industrials,工業
TWNP,Twin Hospitality Group Inc. - Class A Common Stock,Consumer Discretionary,非必需消費
TWST,Twist Bioscience Corporation - Common Stock,Health Care,醫療保健
TXG,"10x Genomics, Inc. - Common Stock",Health Care,醫療保健
TXMD,"TherapeuticsMD, Inc. - Common Stock",Health Care,醫療保健
TXN,Texas Instruments Incorporated - Common Stock,Information Technology,資訊科技
TXRH,"Texas Roadhouse, Inc. - Common Stock",Consumer Discretionary,非必需消費
TYGO,"Tigo Energy, Inc. - Common Stock",Information Technology,資訊科技
TYRA,"Tyra Biosciences, Inc. - Common Stock",Health Care,醫療保健
TZOO,Travelzoo - Common Stock,Communication Services,通訊服務
TZUP,Thumzup Media Corporation - Common Stock,Communication Services,通訊服務
UAL,"United Airlines Holdings, Inc. - Common Stock",Industrials,工業
UBCP,"United Bancorp, Inc. - Common Stock",Financials,金融
UBFO,United Security Bancshares - Common Stock,Financials,金融
UBSI,"United Bankshares, Inc. - Common Stock",Financials,金融
UBX,"Unity Biotechnology, Inc. - Common Stock",Health Care,醫療保健
UCTT,"Ultra Clean Holdings, Inc. - Common Stock",Information Technology,資訊科技
UDMY,"Udemy, Inc. - Common Stock",Consumer Staples,必需消費
UEIC,Universal Electronics Inc. - Common Stock,Information Technology,資訊科技
UFCS,"United Fire Group, Inc - Common Stock",Financials,金融
UFPI,"UFP Industries, Inc. - Common Stock",Materials,原物料
UFPT,"UFP Technologies, Inc. - Common Stock",Health Care,醫療保健
UG,"United-Guardian, Inc. - Common Stock",Consumer Staples,必需消費
UGRO,"urban-gro, Inc. - Common Stock",Industrials,工業
UHG,"United Homes Group, Inc - Class A Common Stock",Consumer Discretionary,非必需消費
ULBI,Ultralife Corporation - Common Stock,Industrials,工業
ULCC,"Frontier Group Holdings, Inc. - Common Stock",Industrials,工業
ULH,"Universal Logistics Holdings, Inc. - Common Stock",Industrials,工業
ULTA,"Ulta Beauty, Inc. - Common Stock",Consumer Discretionary,非必需消費
ULY,Urgent.ly Inc. - Common Stock,Information Technology,資訊科技
UMBF,UMB Financial Corporation - Common Stock,Financials,金融
UNB,"Union Bankshares, Inc. - Common Stock",Financials,金融
UNCY,"Unicycive Therapeutics, Inc. - Common Stock",Health Care,醫療保健
UNIT,Uniti Group Inc. - Common Stock,Real Estate,房地產
UNTY,"Unity Bancorp, Inc. - Common Stock",Financials,金融
UONE,"Urban One, Inc.  - Class A Common Stock",Communication Services,通訊服務
UONEK,"Urban One, Inc.  - Class D Common Stock",Communication Services,通訊服務
UPB,"Upstream Bio, Inc. - Common Stock",Health Care,醫療保健
UPBD,"Upbound Group, Inc. - Common Stock",Information Technology,資訊科技
UPLD,"Upland Software, Inc. - Common Stock",Information Technology,資訊科技
UPST,"Upstart Holdings, Inc. - Common stock",Financials,金融
UPWK,Upwork Inc. - Common Stock,Communication Services,通訊服務
UPXI,"Upexi, Inc. - Common Stock",Communication Services,通訊服務
URBN,"Urban Outfitters, Inc. - Common Stock",Consumer Discretionary,非必需消費
UROY,Uranium Royalty Corp. - Common Stock,Energy,能源
USAR,"USA Rare Earth, Inc. - Common Stock",Materials,原物料
USAU,U.S. Gold Corp. - Common Stock,Materials,原物料
USCB,"USCB Financial Holdings, Inc.  - Class A Common Stock",Financials,金融
USEA,United Maritime Corporation - Common Stock,Industrials,工業
USEG,U.S. Energy Corp. - Common Stock,Energy,能源
USGO,U.S. GoldMining Inc. - Common stock,Materials,原物料
USIO,"Usio, Inc. - Common Stock",Information Technology,資訊科技
USLM,"United States Lime & Minerals, Inc. - Common Stock",Materials,原物料
UTHR,United Therapeutics Corporation - Common Stock,Health Care,醫療保健
UTMD,"Utah Medical Products, Inc. - Common Stock",Health Care,醫療保健
UVSP,Univest Financial Corporation - Common Stock,Financials,金融
VABK,Virginia National Bankshares Corporation - Common Stock,Financials,金融
VALU,"Value Line, Inc. - Common Stock",Financials,金融
VANI,"Vivani Medical, Inc.  - Common Stock",Health Care,醫療保健
VBTX,"Veritex Holdings, Inc. - Common Stock",Financials,金融
VC,Visteon Corporation - Common Stock,Consumer Discretionary,非必需消費
VCEL,Vericel Corporation - Common Stock,Health Care,醫療保健
VCSA,"Vacasa, Inc. - Class A Common Stock",,
VCTR,"Victory Capital Holdings, Inc. - Common Stock",Financials,金融
VCYT,"Veracyte, Inc. - Common Stock",Health Care,醫療保健
VECO,Veeco Instruments Inc. - Common Stock,Information Technology,資訊科技
VEEA,Veea Inc. - Common Stock,Information Technology,資訊科技
VEEE,Twin Vee PowerCats Co. - Common Stock,Consumer Discretionary,非必需消費
VERA,"Vera Therapeutics, Inc. - Class A Common Stock",Health Care,醫療保健
VERB,"Verb Technology Company, Inc. - Common Stock",Information Technology,資訊科技
VERI,"Veritone, Inc. - Common Stock",Information Technology,資訊科技
VERO,Venus Concept Inc.  - Common Stock,Health Care,醫療保健
VERU,Veru Inc. - Common Stock,Health Care,醫療保健
VERV,"Verve Therapeutics, Inc. - Common Stock",Health Care,醫療保健
VERX,"Vertex, Inc. - Class A Common Stock",Information Technology,資訊科技
VGAS,"Verde Clean Fuels, Inc. - Class A Common Stock",Utilities,公用事業
VIAV,Viavi Solutions Inc. - Common Stock,Information Technology,資訊科技
VICR,Vicor Corporation - Common Stock,Information Technology,資訊科技
VIGL,"Vigil Neuroscience, Inc. - Common Stock",Health Care,醫療保健
VIR,"Vir Biotechnology, Inc. - Common Stock",Health Care,醫療保健
VIRC,Virco Manufacturing Corporation - Common Stock,Consumer Discretionary,非必需消費
VIRT,"Virtu Financial, Inc. - Class A Common Stock",Financials,金融
VITL,"Vital Farms, Inc. - Common Stock",Consumer Staples,必需消費
VIVK,"Vivakor, Inc. - Common Stock",Energy,能源
VIVS,"VivoSim Labs, Inc. - Common Stock",Health Care,醫療保健
VKTX,"Viking Therapeutics, Inc. - Common Stock",Health Care,醫療保健
VLCN,"Volcon, Inc. - Common stock",Consumer Discretionary,非必需消費
VLGEA,"Village Super Market, Inc. - Class A Common Stock",Consumer Staples,必需消費
VLY,Valley National Bancorp - Common Stock,Financials,金融
VMEO,"Vimeo, Inc. - Common Stock",Information Technology,資訊科技
VNDA,Vanda Pharmaceuticals Inc. - Common Stock,Health Care,醫療保健
VNOM,"Viper Energy, Inc.  - Class A Common Stock",Energy,能源
VOR,Vor Biopharma Inc. - Common Stock,Health Care,醫療保健
VOXR,Vox Royalty Corp. - common stock,Materials,原物料
VRA,"Vera Bradley, Inc. - Common Stock",Consumer Discretionary,非必需消費
VRAR,"The Glimpse Group, Inc. - Common Stock",Information Technology,資訊科技
VRCA,Verrica Pharmaceuticals Inc. - Common Stock,Health Care,醫療保健
VRDN,"Viridian Therapeutics, Inc.  - Common Stock",Health Care,醫療保健
VREX,Varex Imaging Corporation - Common Stock,Health Care,醫療保健
VRM,"Vroom, Inc. - Common Stock",Consumer Discretionary,非必需消費
VRME,"VerifyMe, Inc. - Common Stock",Industrials,工業
VRNS,"Varonis Systems, Inc. - Common Stock",Information Technology,資訊科技
VRNT,Verint Systems Inc. - Common Stock,Information Technology,資訊科技
VRRM,Verra Mobility Corporation - Class A Common Stock,Information Technology,資訊科技
VRSK,"Verisk Analytics, Inc. - Common Stock",Industrials,工業
VRSN,"VeriSign, Inc. - Common Stock",Information Technology,資訊科技
VRTX,Vertex Pharmaceuticals Incorporated - Common Stock,Health Care,醫療保健
VS,Versus Systems Inc. - Common Stock,Information Technology,資訊科技
VSAT,"ViaSat, Inc. - Common Stock",Information Technology,資訊科技
VSEC,VSE Corporation - Common Stock,Industrials,工業
VSEE,"VSee Health, Inc. - Common Stock",Health Care,醫療保健
VSTM,"Verastem, Inc. - Common Stock",Health Care,醫療保健
VTGN,"Vistagen Therapeutics, Inc. - Common Stock",Health Care,醫療保健
VTRS,Viatris Inc. - Common Stock,Health Care,醫療保健
VTSI,"VirTra, Inc. - Common Stock",Information Technology,資訊科技
VTVT,vTv Therapeutics Inc. - Class A Common Stock,Health Care,醫療保健
VTYX,"Ventyx Biosciences, Inc. - Common Stock",Health Care,醫療保健
VUZI,Vuzix Corporation  - Common Stock,Information Technology,資訊科技
VVOS,"Vivos Therapeutics, Inc. - Common Stock",Health Care,醫療保健
VXRT,"Vaxart, Inc. - Common Stock",Health Care,醫療保健
VYGR,"Voyager Therapeutics, Inc. - Common Stock",Health Care,醫療保健
VYNE,VYNE Therapeutics Inc. - Common Stock,Health Care,醫療保健
WABC,Westamerica Bancorporation - Common Stock,Financials,金融
WAFD,"WaFd, Inc. - Common Stock",Financials,金融
WASH,"Washington Trust Bancorp, Inc. - Common Stock",Financials,金融
WATT,Energous Corporation - Common Stock,Information Technology,資訊科技
WAY,Waystar Holding Corp. - Common Stock,Health Care,醫療保健
WBA,"Walgreens Boots Alliance, Inc. - Common Stock",Health Care,醫療保健
WBD,"Warner Bros. Discovery, Inc. - Series A Common Stock",Communication Services,通訊服務
WBTN,WEBTOON Entertainment Inc. - Common stock,Communication Services,通訊服務
WDAY,"Workday, Inc. - Class A Common Stock",Information Technology,資訊科技
WDC,Western Digital Corporation - Common Stock,Information Technology,資訊科技
WDFC,WD-40 Company - Common Stock,Materials,原物料
WEN,Wendy's Company (The) - Common Stock,Consumer Discretionary,非必需消費
WERN,"Werner Enterprises, Inc. - Common Stock",Industrials,工業
WEST,Westrock Coffee Company - Common Stock,Consumer Staples,必需消費
WETH,Wetouch Technology Inc. - Common Stock,Real Estate,房地產
WEYS,"Weyco Group, Inc. - Common Stock",Consumer Discretionary,非必需消費
WFCF,"Where Food Comes From, Inc. - Common Stock",Industrials,工業
WGRX,"Wellgistics Health, Inc. - Common Stock",Health Care,醫療保健
WGS,GeneDx Holdings Corp. - Class A Common Stock,Health Care,醫療保健
WHLR,"Wheeler Real Estate Investment Trust, Inc. - Common Stock",Real Estate,房地產
WHWK,"Whitehawk Therapeutics, Inc. - Common Stock",Health Care,醫療保健
WINA,Winmark Corporation - Common Stock,Consumer Discretionary,非必需消費
WING,Wingstop Inc. - Common Stock,Consumer Discretionary,非必需消費
WINT,"Windtree Therapeutics, Inc. - Common Stock",Health Care,醫療保健
WKHS,"Workhorse Group, Inc. - Common Stock",Consumer Discretionary,非必需消費
WKSP,"Worksport, Ltd. - Common Stock",Consumer Discretionary,非必需消費
WLDN,"Willdan Group, Inc. - Common Stock",Industrials,工業
WLFC,Willis Lease Finance Corporation - Common Stock,Industrials,工業
WMG,Warner Music Group Corp. - Class A Common Stock,Communication Services,通訊服務
WMPN,William Penn Bancorporation - Common Stock,,
WNEB,"Western New England Bancorp, Inc. - Common Stock",Financials,金融
WOOF,"Petco Health and Wellness Company, Inc. - Class A Common Stock",Consumer Discretionary,非必需消費
WORX,SCWorx Corp. - Common Stock,Health Care,醫療保健
WRAP,"Wrap Technologies, Inc. - Common Stock",Information Technology,資訊科技
WRLD,World Acceptance Corporation - Common Stock,Financials,金融
WSBC,"WesBanco, Inc. - Common Stock",Financials,金融
WSBF,"Waterstone Financial, Inc. - Common Stock",Financials,金融
WSC,WillScot Holdings Corporation - Class A Common Stock,Industrials,工業
WSFS,WSFS Financial Corporation - Common Stock,Financials,金融
WTBA,West Bancorporation - Common Stock,Financials,金融
WTFC,Wintrust Financial Corporation - Common Stock,Financials,金融
WULF,TeraWulf Inc. - Common Stock,Financials,金融
WVVI,"Willamette Valley Vineyards, Inc. - Common Stock",Consumer Staples,必需消費
WW,"WW International, Inc.  - Common Stock",Consumer Discretionary,非必需消費
WWD,"Woodward, Inc. - Common Stock",Industrials,工業
WYNN,"Wynn Resorts, Limited - Common Stock",Consumer Discretionary,非必需消費
XAGE,"Longevity Health Holdings, Inc. - Common Stock",Consumer Staples,必需消費
XAIR,"Beyond Air, Inc. - Common Stock",Health Care,醫療保健
XBIO,"Xenetic Biosciences, Inc. - Common Stock",Health Care,醫療保健
XBIT,XBiotech Inc. - Common Stock,Health Care,醫療保健
XBP,"XBP Europe Holdings, Inc. - Common Stock",Information Technology,資訊科技
XCUR,"Exicure, Inc. - Common Stock",Health Care,醫療保健
XEL,Xcel Energy Inc. - Common Stock,Utilities,公用事業
XELB,"Xcel Brands, Inc - Common Stock",Consumer Discretionary,非必需消費
XERS,"Xeris Biopharma Holdings, Inc. - Common Stock",Health Care,醫療保健
XFOR,"X4 Pharmaceuticals, Inc. - Common Stock",Health Care,醫療保健
XGN,Exagen Inc. - Common Stock,Health Care,醫療保健
XHLD,"TEN Holdings, Inc. - Common Stock",Communication Services,通訊服務
XLO,"Xilio Therapeutics, Inc. - Common Stock",Health Care,醫療保健
XMTR,"Xometry, Inc. - Class A Common Stock",Industrials,工業
XNCR,"Xencor, Inc. - Common Stock",Health Care,醫療保健
XOMA,XOMA Royalty Corporation - Common Stock,Health Care,醫療保健
XOS,"Xos, Inc. - Common Stock",Industrials,工業
XP,XP Inc. - Class A Common Stock,Financials,金融
XPEL,"XPEL, Inc. - Common Stock",Consumer Discretionary,非必需消費
XPON,Expion360 Inc. - Common Stock,Industrials,工業
XRAY,DENTSPLY SIRONA Inc. - Common Stock,Health Care,醫療保健
XRTX,XORTX Therapeutics Inc. - Common Stock,Health Care,醫療保健
XRX,Xerox Holdings Corporation - Common Stock,Information Technology,資訊科技
XTIA,"XTI Aerospace, Inc. Common Stock  - Common Stock",Industrials,工業
XWEL,"XWELL, Inc. - Common Stock",Health Care,醫療保健
XXII,"22nd Century Group, Inc - Common Stock",Consumer Staples,必需消費
YHC,LQR House Inc. - Common Stock,Consumer Staples,必需消費
YHGJ,Yunhong Green CTI Ltd. - Common Stock,Consumer Discretionary,非必需消費
YMAB,"Y-mAbs Therapeutics, Inc. - Common Stock",Health Care,醫療保健
YORW,The York Water Company - Common Stock,Utilities,公用事業
YOSH,Yoshiharu Global Co. - Class A Common Stock,Consumer Discretionary,非必需消費
YYAI,Connexa Sports Technologies Inc. - Common Stock,Consumer Discretionary,非必需消費
ZAZZT,Tick Pilot Test Stock Class A Common Stock,Unclassified,未分類
ZBIO,"Zenas BioPharma, Inc. - Common Stock",Health Care,醫療保健
ZBRA,Zebra Technologies Corporation - Class A Common Stock,Information Technology,資訊科技
ZBZZT,Test Pilot Test Stock Class B Common Stock,,
ZCAR,"Zoomcar Holdings, Inc. - Common Stock",Industrials,工業
ZD,"Ziff Davis, Inc. - Common Stock",Communication Services,通訊服務
ZENA,"ZenaTech, Inc. - Common Stock",Information Technology,資訊科技
ZENV,Zenvia Inc. - Class A Common Stock,Information Technology,資訊科技
ZEO,Zeo Energy Corporation - Class A Common Stock,Information Technology,資訊科技
ZEUS,"Olympic Steel, Inc. - Common Stock",Materials,原物料
ZG,"Zillow Group, Inc. - Class A Common Stock",Communication Services,通訊服務
ZI,ZoomInfo Technologies Inc. - Common Stock,Unclassified,未分類
ZIMV,ZimVie Inc. - Common Stock,Health Care,醫療保健
ZION,Zions Bancorporation N.A. - Common Stock,Financials,金融
ZM,"Zoom Communications, Inc. - Class A Common Stock",Information Technology,資訊科技
ZNTL,"Zentalis Pharmaceuticals, Inc. - common stock",Health Care,醫療保健
ZS,"Zscaler, Inc. - Common Stock",Information Technology,資訊科技
ZSPC,"zSpace, Inc. - Common stock",Information Technology,資訊科技
ZTEK,Zentek Ltd. - common stock,Health Care,醫療保健
ZUMZ,Zumiez Inc. - Common Stock,Consumer Discretionary,非必需消費
ZVRA,"Zevra Therapeutics, Inc.  - Common Stock",Health Care,醫療保健
ZVSA,"ZyVersa Therapeutics, Inc. - Common Stock",Health Care,醫療保健
ZXYZ.A,Nasdaq Symbology Test Common Stock,,
ZYME,Zymeworks Inc. - Common Stock,Health Care,醫療保健
ZYXI,"Zynex, Inc. - Common Stock",Health Care,醫療保健
A,"Agilent Technologies, Inc. Common Stock",Health Care,醫療保健
AA,Alcoa Corporation Common Stock ,Materials,原物料
AAMI,Acadian Asset Management Inc. Common Stock,Financials,金融
AAT,"American Assets Trust, Inc. Common Stock",Real Estate,房地產
ABBV,AbbVie Inc. Common Stock,Health Care,醫療保健
ABCB,Ameris Bancorp Common Stock,Financials,金融
ABG,Asbury Automotive Group Inc Common Stock,Consumer Discretionary,非必需消費
ABM,ABM Industries Incorporated Common Stock,Industrials,工業
ABR,Arbor Realty Trust Common Stock,Real Estate,房地產
ABT,Abbott Laboratories Common Stock,Health Care,醫療保健
AC,"Associated Capital Group, Inc. Common Stock",Financials,金融
ACA,"Arcosa, Inc. Common Stock ",Industrials,工業
ACCO,Acco Brands Corporation Common Stock,Industrials,工業
ACHR,Archer Aviation Inc. Class A Common Stock,Industrials,工業
ACHR.W,"Archer Aviation Inc. Redeemable Warrants, each whole warrant exercisable for one Class A common stock at an exercise price of $11.50",,
ACI,"Albertsons Companies, Inc. Class A Common Stock",Consumer Staples,必需消費
ACM,AECOM Common Stock,Industrials,工業
ACR,ACRES Commercial Realty Corp. Common Stock,Real Estate,房地產
ACRE,Ares Commercial Real Estate Corporation Common Stock,Real Estate,房地產
ACVA,ACV Auctions Inc. Class A Common Stock,Consumer Discretionary,非必需消費
ADC,Agree Realty Corporation Common Stock,Real Estate,房地產
ADT,ADT Inc. Common Stock,Industrials,工業
AEE,Ameren Corporation Common Stock,Utilities,公用事業
AEM,Agnico Eagle Mines Limited Common Stock,Materials,原物料
AEO,"American Eagle Outfitters, Inc. Common Stock",Consumer Discretionary,非必需消費
AES,The AES Corporation Common Stock,Utilities,公用事業
AESI,Atlas Energy Solutions Inc. Common Stock,Energy,能源
AFG,"American Financial Group, Inc. Common Stock",Financials,金融
AFL,AFLAC Incorporated Common Stock,Financials,金融
AGCO,AGCO Corporation Common Stock,Industrials,工業
AGL,"agilon health, inc. Common Stock",Health Care,醫療保健
AGM,Federal Agricultural Mortgage Corporation Common Stock,Financials,金融
AGM.A,Federal Agricultural Mortgage Corporation Common Stock,,
AGO,Assured Guaranty Ltd. Common Stock,Financials,金融
AGS,"PlayAGS, Inc. Common Stock",Consumer Discretionary,非必需消費
AGX,"Argan, Inc. Common Stock",Industrials,工業
AHH,"Armada Hoffler Properties, Inc. Common Stock",Real Estate,房地產
AHR,"American Healthcare REIT, Inc. Common Stock",Real Estate,房地產
AHT,Ashford Hospitality Trust Inc Common Stock,Real Estate,房地產
AI,"C3.ai, Inc. Class A Common Stock",Information Technology,資訊科技
AIG,"American International Group, Inc. New Common Stock",Financials,金融
AII,"American Integrity Insurance Group, Inc. Common Stock",Financials,金融
AIN,Albany International Corporation Common Stock,Consumer Discretionary,非必需消費
AIR,AAR Corp. Common Stock,Industrials,工業
AIT,"Applied Industrial Technologies, Inc. Common Stock",Industrials,工業
AIV,Apartment Investment and Management Company Common Stock,Real Estate,房地產
AIZ,"Assurant, Inc. Common Stock",Financials,金融
AJG,Arthur J. Gallagher & Co. Common Stock,Financials,金融
AKA,a.k.a. Brands Holding Corp. Common Stock,Consumer Discretionary,非必需消費
AKO.A,Embotelladora Andina S.A. Common Stock,,
AKO.B,Embotelladora Andina S.A. Common Stock,,
AKR,Acadia Realty Trust Common Stock,Real Estate,房地產
AL,Air Lease Corporation Class A Common Stock,Industrials,工業
ALB,Albemarle Corporation Common Stock,Materials,原物料
ALEX,"Alexander & Baldwin, Inc. Common Stock REIT Holding Company",Real Estate,房地產
ALG,"Alamo Group, Inc. Common Stock",Industrials,工業
ALIT,"Alight, Inc. Class A Common Stock",Information Technology,資訊科技
ALK,"Alaska Air Group, Inc. Common Stock",Industrials,工業
ALL,Allstate Corporation (The) Common Stock,Financials,金融
ALLY,Ally Financial Inc. Common Stock,Financials,金融
ALSN,"Allison Transmission Holdings, Inc. Common Stock",Consumer Discretionary,非必需消費
ALTG,Alta Equipment Group Inc. Class A Common Stock,Industrials,工業
ALUR,"Allurion Technologies, Inc. Common Stock",Health Care,醫療保健
ALUR.W,"Allurion Technologies, Inc. Warrants, each whole warrant exercisable to purchase 1.420455 shares of common stock at an exercise price of $8.10 per share of common stock",,
ALV,"Autoliv, Inc. Common Stock",Consumer Discretionary,非必需消費
ALX,"Alexander's, Inc. Common Stock",Real Estate,房地產
AM,Antero Midstream Corporation Common Stock,Energy,能源
AMBC,"Ambac Financial Group, Inc. Common Stock",Financials,金融
AMC,"AMC Entertainment Holdings, Inc. Class A Common Stock",Communication Services,通訊服務
AMG,"Affiliated Managers Group, Inc. Common Stock",Financials,金融
AMP,"Ameriprise Financial, Inc. Common Stock",Financials,金融
AMPX,"Amprius Technologies, Inc. Common Stock",Industrials,工業
AMPX.W,"Amprius Technologies, Inc. Warrants to purchase one share of Common Stock at an exercise price of $11.50 per share",,
AMPY,Amplify Energy Corp. Common Stock,Energy,能源
AMR,"Alpha Metallurgical Resources, Inc. Common Stock",Materials,原物料
AMRC,"Ameresco, Inc. Class A Common Stock",Industrials,工業
AMT,American Tower Corporation (REIT) Common Stock,Real Estate,房地產
AMTB,Amerant Bancorp Inc. Class A Common Stock,Financials,金融
AMTM,"Amentum Holdings, Inc. Common Stock",Industrials,工業
AMWL,American Well Corporation Class A Common Stock,Health Care,醫療保健
AN,"AutoNation, Inc. Common Stock",Consumer Discretionary,非必需消費
ANET,"Arista Networks, Inc. Common Stock",Information Technology,資訊科技
ANF,Abercrombie & Fitch Company Common Stock,Consumer Discretionary,非必需消費
ANRO,"Alto Neuroscience, Inc. Common Stock",Health Care,醫療保健
ANVS,"Annovis Bio, Inc. Common Stock",Health Care,醫療保健
AOMR,"Angel Oak Mortgage REIT, Inc. Common Stock",Real Estate,房地產
AORT,"Artivion, Inc. Common Stock",Health Care,醫療保健
AOS,A.O. Smith Corporation Common Stock,Industrials,工業
APAM,Artisan Partners Asset Management Inc. Class A Common Stock,Financials,金融
APD,"Air Products and Chemicals, Inc. Common Stock",Materials,原物料
APG,APi Group Corporation Common Stock,Industrials,工業
APH,Amphenol Corporation Common Stock,Information Technology,資訊科技
APO,"Apollo Global Management, Inc. (New) Common Stock",Financials,金融
AR,Antero Resources Corporation Common Stock,Energy,能源
ARDT,"Ardent Health Partners, Inc. Common Stock",Health Care,醫療保健
ARE,"Alexandria Real Estate Equities, Inc. Common Stock",Real Estate,房地產
ARES,Ares Management Corporation Class A Common Stock,Financials,金融
ARIS,"Aris Water Solutions, Inc. Class A Common Stock",Utilities,公用事業
ARL,"American Realty Investors, Inc. Common Stock",Real Estate,房地產
ARLO,"Arlo Technologies, Inc. Common Stock",Industrials,工業
ARMK,Aramark Common Stock,Industrials,工業
AROC,"Archrock, Inc. Common Stock",Energy,能源
ARW,"Arrow Electronics, Inc. Common Stock",Information Technology,資訊科技
ASAN,"Asana, Inc. Class A Common Stock",Information Technology,資訊科技
ASC,Ardmore Shipping Corporation Common Stock,Industrials,工業
ASGN,ASGN Incorporated Common Stock,Information Technology,資訊科技
ASH,Ashland Inc. Common Stock,Materials,原物料
ASIX,AdvanSix Inc. Common Stock ,Materials,原物料
ASPN,"Aspen Aerogels, Inc. Common Stock",Industrials,工業
ASR,"Grupo Aeroportuario del Sureste, S.A. de C.V. Common Stock",Industrials,工業
ATEN,"A10 Networks, Inc. Common Stock",Information Technology,資訊科技
ATGE,Adtalem Global Education Inc. Common Stock,Consumer Staples,必需消費
ATI,ATI Inc. Common Stock,Industrials,工業
ATKR,Atkore Inc. Common Stock,Industrials,工業
ATMU,Atmus Filtration Technologies Inc. Common Stock,Consumer Discretionary,非必需消費
ATO,Atmos Energy Corporation Common Stock,Utilities,公用事業
ATR,"AptarGroup, Inc. Common Stock",Health Care,醫療保健
ATUS,"Altice USA, Inc. Class A Common Stock",Communication Services,通訊服務
AUB,Atlantic Union Bankshares Corporation Common Stock,Financials,金融
AVA,Avista Corporation Common Stock,Utilities,公用事業
AVB,"AvalonBay Communities, Inc. Common Stock",Real Estate,房地產
AVD,American Vanguard Corporation Common Stock ($0.10 Par Value),Materials,原物料
AVNS,"Avanos Medical, Inc. Common Stock",Health Care,醫療保健
AVNT,Avient Corporation Common Stock,Materials,原物料
AVTR,"Avantor, Inc. Common Stock",Health Care,醫療保健
AVY,Avery Dennison Corporation Common Stock,Consumer Discretionary,非必需消費
AWI,Armstrong World Industries Inc Common Stock,Industrials,工業
AWK,"American Water Works Company, Inc. Common Stock",Utilities,公用事業
AWR,American States Water Company Common Stock,Utilities,公用事業
AX,"Axos Financial, Inc. Common Stock",Financials,金融
AXL,"American Axle & Manufacturing Holdings, Inc. Common Stock",Consumer Discretionary,非必需消費
AXP,American Express Company Common Stock,Financials,金融
AXR,AMREP Corporation Common Stock,Real Estate,房地產
AXS,Axis Capital Holdings Limited Common Stock,Financials,金融
AYI,Acuity Inc. Common Stock,Industrials,工業
AZEK,The AZEK Company Inc. Class A Common Stock,Industrials,工業
AZO,"AutoZone, Inc. Common Stock",Consumer Discretionary,非必需消費
BA,Boeing Company (The) Common Stock,Industrials,工業
BAC,Bank of America Corporation Common Stock,Financials,金融
BAH,Booz Allen Hamilton Holding Corporation Common Stock,Industrials,工業
BALL,Ball Corporation Common Stock,Consumer Discretionary,非必需消費
BALY,Bally's Corporation Common Stock,Consumer Discretionary,非必需消費
BANC,"Banc of California, Inc. Common Stock",Financials,金融
BAP,Credicorp Ltd. Common Stock,Financials,金融
BARK,"BARK, Inc. Class A Common Stock",Consumer Discretionary,非必需消費
BARK.W,"BARK, Inc. Redeemable Warrants, each whole warrant exercisable for shares of Common Stock at an exercise price of $11.50 per share",,
BAX,Baxter International Inc. Common Stock,Health Care,醫療保健
BB,BlackBerry Limited Common Stock,Information Technology,資訊科技
BBAI,"BigBear.ai, Inc. Common Stock",Information Technology,資訊科技
BBAI.W,"BigBear.ai, Inc. Redeemable Warrants, each exercisable for one share of Common Stock at an exercise price of $11.50 per share",,
BBDC,"Barings BDC, Inc. Common Stock",Financials,金融
BBVA,Banco Bilbao Vizcaya Argentaria S.A. Common Stock,Financials,金融
BBY,"Best Buy Co., Inc. Common Stock",Consumer Discretionary,非必需消費
BC,Brunswick Corporation Common Stock,Consumer Discretionary,非必需消費
BCC,"Boise Cascade, L.L.C. Common Stock",Materials,原物料
BCE,"BCE, Inc. Common Stock",Communication Services,通訊服務
BCO,Brinks Company (The) Common Stock,Industrials,工業
BCS,Barclays PLC Common Stock,Financials,金融
BCSF,"Bain Capital Specialty Finance, Inc. Common Stock",Financials,金融
BDC,Belden Inc Common Stock,Information Technology,資訊科技
BDN,Brandywine Realty Trust Common Stock,Real Estate,房地產
BDX,"Becton, Dickinson and Company Common Stock",Health Care,醫療保健
BE,Bloom Energy Corporation Class A Common Stock,Industrials,工業
BEN,"Franklin Resources, Inc. Common Stock",Financials,金融
BF.A,Brown Forman Inc Class A Common Stock,Unclassified,未分類
BF.B,Brown Forman Inc Class B Common Stock,Unclassified,未分類
BFAM,Bright Horizons Family Solutions Inc. Common Stock,Consumer Discretionary,非必需消費
BFH,"Bread Financial Holdings, Inc. Common Stock",Financials,金融
BFLY,"Butterfly Network, Inc. Class A Common Stock",Health Care,醫療保健
BFS,"Saul Centers, Inc. Common Stock",Real Estate,房地產
BGS,"B&G Foods, Inc. Common Stock",Consumer Staples,必需消費
BGSF,"BGSF, Inc. Common Stock",Industrials,工業
BH,Biglari Holdings Inc. Class B Common Stock,Consumer Discretionary,非必需消費
BH.A,Biglari Holdings Inc. Class A Common Stock,,
BHC,Bausch Health Companies Inc. Common Stock,Health Care,醫療保健
BHE,"Benchmark Electronics, Inc. Common Stock",Information Technology,資訊科技
BHLB,"Berkshire Hills Bancorp, Inc. Common Stock",Financials,金融
BHR,Braemar Hotels & Resorts Inc. Common Stock,Real Estate,房地產
BILL,"BILL Holdings, Inc. Common Stock",Information Technology,資訊科技
BJ,"BJ's Wholesale Club Holdings, Inc. Common Stock",Consumer Staples,必需消費
BK,The Bank of New York Mellon Corporation Common Stock,Financials,金融
BKD,Brookdale Senior Living Inc. Common Stock,Health Care,醫療保健
BKE,"Buckle, Inc. (The) Common Stock",Consumer Discretionary,非必需消費
BKH,Black Hills Corporation Common Stock,Utilities,公用事業
BKKT,"Bakkt Holdings, Inc. Class A Common Stock",Information Technology,資訊科技
BKSY,BlackSky Technology Inc. Class A Common Stock,Industrials,工業
BKSY.W,"BlackSky Technology Inc. Redeemable Warrants, each whole Warrant exercisable for one share of Class A Common Stock",,
BKU,"BankUnited, Inc. Common Stock",Financials,金融
BKV,BKV Corporation Common Stock,Energy,能源
BLD,TopBuild Corp. Common Stock,Industrials,工業
BLDR,"Builders FirstSource, Inc. Common Stock",Industrials,工業
BLK,"BlackRock, Inc. Common Stock",Financials,金融
BLND,"Blend Labs, Inc. Class A Common Stock",Information Technology,資訊科技
BMI,"Badger Meter, Inc. Common Stock",Information Technology,資訊科技
BMO,Bank Of Montreal Common Stock,Financials,金融
BNED,"Barnes & Noble Education, Inc Common Stock",Consumer Discretionary,非必需消費
BNL,"Broadstone Net Lease, Inc. Common Stock",Real Estate,房地產
BOC,Boston Omaha Corporation Class A Common Stock,Industrials,工業
BODI,"The Beachbody Company, Inc. Class A Common Stock",Communication Services,通訊服務
BOH,Bank of Hawaii Corporation Common Stock,Financials,金融
BOOT,"Boot Barn Holdings, Inc. Common Stock",Consumer Discretionary,非必需消費
BOW,Bowhead Specialty Holdings Inc. Common Stock,Financials,金融
BOX,"Box, Inc. Class A Common Stock",Information Technology,資訊科技
BP,BP p.l.c. Common Stock,Energy,能源
BPT,BP Prudhoe Bay Royalty Trust Common Stock,Energy,能源
BR,"Broadridge Financial Solutions, Inc. Common Stock",Information Technology,資訊科技
BRBR,"BellRing Brands, Inc. Common Stock ",Consumer Staples,必需消費
BRC,Brady Corporation Common Stock,Industrials,工業
BRCC,BRC Inc. Class A Common Stock,Consumer Staples,必需消費
BRDG,Bridge Investment Group Holdings Inc. Class A Common Stock,Financials,金融
BRK.A,Berkshire Hathaway Inc. Common Stock,Unclassified,未分類
BRK.B,Berkshire Hathaway Inc. New Common Stock,Unclassified,未分類
BRO,"Brown & Brown, Inc. Common Stock",Financials,金融
BROS,Dutch Bros Inc. Class A Common Stock,Consumer Discretionary,非必需消費
BRSP,"BrightSpire Capital, Inc. Class A Common Stock",Real Estate,房地產
BRT,BRT Apartments Corp. (MD) Common Stock,Real Estate,房地產
BRX,Brixmor Property Group Inc. Common Stock,Real Estate,房地產
BSX,Boston Scientific Corporation Common Stock,Health Care,醫療保健
BTI,"British American Tobacco  Industries, p.l.c. Common Stock ADR",Consumer Staples,必需消費
BTO,John Hancock Financial Opportunities Fund Common Stock,Financials,金融
BTU,Peabody Energy Corporation Common Stock ,Energy,能源
BURL,"Burlington Stores, Inc. Common Stock",Consumer Discretionary,非必需消費
BV,"BrightView Holdings, Inc. Common Stock",Industrials,工業
BW,"Babcock & Wilcox Enterprises, Inc. Common Stock",Industrials,工業
BWA,BorgWarner Inc. Common Stock,Consumer Discretionary,非必需消費
BWXT,"BWX Technologies, Inc. Common Stock",Industrials,工業
BX,Blackstone Inc. Common Stock,Financials,金融
BXC,Bluelinx Holdings Inc. Common Stock,Industrials,工業
BXMT,"Blackstone Mortgage Trust, Inc. Common Stock",Real Estate,房地產
BXP,"BXP, Inc. Common Stock",Real Estate,房地產
BY,"Byline Bancorp, Inc. Common Stock",Financials,金融
BYD,Boyd Gaming Corporation Common Stock,Consumer Discretionary,非必需消費
BYON,"Beyond, Inc. Common Stock",Consumer Discretionary,非必需消費
BZH,"Beazer Homes USA, Inc. Common Stock",Consumer Discretionary,非必需消費
C,"Citigroup, Inc. Common Stock",Financials,金融
CABO,"Cable One, Inc. Common Stock",Communication Services,通訊服務
CACI,"CACI International, Inc. Class A Common Stock",Information Technology,資訊科技
CADE,Cadence Bank Common Stock,Financials,金融
CAF,Morgan Stanley China A Share Fund Inc. Common Stock,Financials,金融
CAG,"ConAgra Brands, Inc. Common Stock",Consumer Staples,必需消費
CAH,"Cardinal Health, Inc. Common Stock",Health Care,醫療保健
CAL,"Caleres, Inc. Common Stock",Consumer Discretionary,非必需消費
CALX,"Calix, Inc Common Stock",Information Technology,資訊科技
CARR,Carrier Global Corporation Common Stock ,Industrials,工業
CARS,Cars.com Inc. Common Stock ,Communication Services,通訊服務
CAT,"Caterpillar, Inc. Common Stock",Industrials,工業
CATO,Cato Corporation (The) Class A Common Stock,Consumer Discretionary,非必需消費
CAVA,"CAVA Group, Inc. Common Stock",Consumer Discretionary,非必需消費
CB,Chubb Limited  Common Stock,Financials,金融
CBAN,"Colony Bankcorp, Inc. Common Stock",Financials,金融
CBL,"CBL & Associates Properties, Inc. Common Stock",Real Estate,房地產
CBNA,"Chain Bridge Bancorp, Inc. Class A Common Stock",Financials,金融
CBRE,CBRE Group Inc Common Stock Class A,Real Estate,房地產
CBT,Cabot Corporation Common Stock,Materials,原物料
CBU,"Community Financial System, Inc. Common Stock",Financials,金融
CBZ,"CBIZ, Inc. Common Stock",Industrials,工業
CC,Chemours Company (The) Common Stock,Materials,原物料
CCI,Crown Castle Inc. Common Stock,Real Estate,房地產
CCJ,Cameco Corporation Common Stock,Energy,能源
CCL,Carnival Corporation Common Stock,Consumer Discretionary,非必需消費
CCO,"Clear Channel Outdoor Holdings, Inc. Common Stock",Communication Services,通訊服務
CCRD,CoreCard Corporation Common Stock,Information Technology,資訊科技
CCS,"Century Communities, Inc. Common Stock",Real Estate,房地產
CCU,"Compania Cervecerias Unidas, S.A. Common Stock",Consumer Staples,必需消費
CDE,"Coeur Mining, Inc. Common Stock",Materials,原物料
CDRE,"Cadre Holdings, Inc. Common Stock",Industrials,工業
CE,Celanese Corporation Common Stock,Materials,原物料
CEE,"The Central and Eastern Europe Fund, Inc. (The) Common Stock",Financials,金融
CF,"CF Industries Holdings, Inc. Common Stock",Materials,原物料
CFG,"Citizens Financial Group, Inc. Common Stock",Financials,金融
CFR,"Cullen/Frost Bankers, Inc. Common Stock",Financials,金融
CHCT,Community Healthcare Trust Incorporated Common Stock,Real Estate,房地產
CHD,"Church & Dwight Company, Inc. Common Stock",Consumer Staples,必需消費
CHGG,"Chegg, Inc. Common Stock",Consumer Staples,必需消費
CHH,"Choice Hotels International, Inc. Common Stock",Consumer Discretionary,非必需消費
CHMI,Cherry Hill Mortgage Investment Corporation Common Stock,Real Estate,房地產
CHN,"China Fund, Inc. (The) Common Stock",Financials,金融
CHPT,"ChargePoint Holdings, Inc. Common Stock",Consumer Discretionary,非必需消費
CHWY,"Chewy, Inc. Class A Common Stock",Consumer Discretionary,非必需消費
CI,The Cigna Group Common Stock,Health Care,醫療保健
CIA,"Citizens, Inc. Class A Common Stock ($1.00 Par)",Financials,金融
CIEN,Ciena Corporation Common Stock,Information Technology,資訊科技
CIF,MFS Intermediate High Income Fund Common Stock,Financials,金融
CII,"BlackRock Enhanced Large Cap Core Fund, Inc. Common Stock",Financials,金融
CIM,Chimera Investment Corporation Common Stock,Real Estate,房地產
CIO,"City Office REIT, Inc. Common Stock",Real Estate,房地產
CION,CION Investment Corporation Common Stock,Financials,金融
CIVI,"Civitas Resources, Inc. Common Stock",Energy,能源
CLB,Core Laboratories Inc. Common Stock,Energy,能源
CLH,"Clean Harbors, Inc. Common Stock",Industrials,工業
CLPR,Clipper Realty Inc. Common Stock,Real Estate,房地產
CLS,"Celestica, Inc. Common Stock",Information Technology,資訊科技
CLW,Clearwater Paper Corporation Common Stock,Materials,原物料
CLX,Clorox Company (The) Common Stock,Consumer Staples,必需消費
CM,Canadian Imperial Bank of Commerce Common Stock,Financials,金融
CMA,Comerica Incorporated Common Stock,Financials,金融
CMC,Commercial Metals Company Common Stock,Materials,原物料
CMDB,Costamare Bulkers Holdings Limited Common Stock,Industrials,工業
CMG,"Chipotle Mexican Grill, Inc. Common Stock",Consumer Discretionary,非必需消費
CMI,Cummins Inc. Common Stock,Industrials,工業
CMP,Compass Minerals Intl Inc Common Stock,Materials,原物料
CMRE,Costamare Inc. Common Stock $0.0001 par value,Industrials,工業
CMS,CMS Energy Corporation Common Stock,Utilities,公用事業
CMTG,"Claros Mortgage Trust, Inc. Common Stock",Real Estate,房地產
CMU,MFS Municipal Income Trust Common Stock,Financials,金融
CNA,CNA Financial Corporation Common Stock,Financials,金融
CNC,Centene Corporation Common Stock,Health Care,醫療保健
CNI,Canadian National Railway Company Common Stock,Industrials,工業
CNK,"Cinemark Holdings Inc Cinemark Holdings, Inc. Common Stock",Communication Services,通訊服務
CNM,"Core & Main, Inc. Class A Common Stock",Industrials,工業
CNMD,CONMED Corporation Common Stock,Health Care,醫療保健
CNNE,"Cannae Holdings, Inc. Common Stock",Consumer Discretionary,非必需消費
CNO,"CNO Financial Group, Inc. Common Stock",Financials,金融
CNP,"CenterPoint Energy, Inc (Holding Co) Common Stock",Utilities,公用事業
CNQ,Canadian Natural Resources Limited Common Stock,Energy,能源
CNR,"Core Natural Resources, Inc. Common Stock",Energy,能源
CNS,Cohen & Steers Inc Common Stock,Financials,金融
CNX,CNX Resources Corporation Common Stock,Energy,能源
COF,Capital One Financial Corporation Common Stock,Financials,金融
COHR,Coherent Corp. Common Stock,Information Technology,資訊科技
COLD,"Americold Realty Trust, Inc. Common Stock",Real Estate,房地產
COMP,"Compass, Inc. Class A Common Stock",Real Estate,房地產
CON,"Concentra Group Holdings Parent, Inc. Common Stock",Health Care,醫療保健
COOK,"Traeger, Inc. Common Stock",Consumer Discretionary,非必需消費
COP,ConocoPhillips Common Stock,Energy,能源
COR,"Cencora, Inc. Common Stock",Health Care,醫療保健
COTY,Coty Inc. Class A Common Stock,Consumer Staples,必需消費
COUR,"Coursera, Inc. Common Stock",Consumer Staples,必需消費
CPA,"Copa Holdings, S.A. Class A Common Stock",Industrials,工業
CPAY,"Corpay, Inc. Common Stock",Information Technology,資訊科技
CPK,Chesapeake Utilities Corporation Common Stock,Utilities,公用事業
CPNG,"Coupang, Inc. Class A Common Stock",Consumer Discretionary,非必需消費
CPT,Camden Property Trust Common Stock,Real Estate,房地產
CR,Crane Company Common Stock,Industrials,工業
CRBG,Corebridge Financial Inc. Common Stock,Financials,金融
CRC,California Resources Corporation Common Stock,Energy,能源
CRD.A,Crawford & Company Common Stock,Unclassified,未分類
CRD.B,Crawford & Company Common Stock,Unclassified,未分類
CRGY,Crescent Energy Company Class A Common Stock,Energy,能源
CRI,"Carter's, Inc. Common Stock",Consumer Discretionary,非必需消費
CRK,"Comstock Resources, Inc. Common Stock",Energy,能源
CRL,"Charles River Laboratories International, Inc. Common Stock",Health Care,醫療保健
CRM,"Salesforce, Inc. Common Stock",Information Technology,資訊科技
CRS,Carpenter Technology Corporation Common Stock,Industrials,工業
CRT,Cross Timbers Royalty Trust Common Stock,Energy,能源
CSL,Carlisle Companies Incorporated Common Stock,Industrials,工業
CSR,D/B/A Centerspace Common Stock,Real Estate,房地產
CSV,"Carriage Services, Inc. Common Stock",Consumer Discretionary,非必需消費
CTEV,Claritev Corporation Class A Common Stock,Health Care,醫療保健
CTO,"CTO Realty Growth, Inc. Common Stock",Real Estate,房地產
CTOS,"Custom Truck One Source, Inc. Common Stock",Industrials,工業
CTRA,Coterra Energy Inc. Common Stock,Energy,能源
CTRE,"CareTrust REIT, Inc. Common Stock",Real Estate,房地產
CTRI,"Centuri Holdings, Inc. Common Stock",Utilities,公用事業
CTS,CTS Corporation Common Stock,Information Technology,資訊科技
CTVA,"Corteva, Inc. Common Stock ",Materials,原物料
CUBI,"Customers Bancorp, Inc Common Stock",Financials,金融
CULP,"Culp, Inc. Common Stock",Consumer Discretionary,非必需消費
CURB,Curbline Properties Corp. Common Stock,Real Estate,房地產
CURV,Torrid Holdings Inc. Common Stock,Consumer Discretionary,非必需消費
CUZ,Cousins Properties Incorporated Common Stock,Real Estate,房地產
CVE,Cenovus Energy Inc Common Stock,Energy,能源
CVI,CVR Energy Inc. Common Stock,Energy,能源
CVLG,"Covenant Logistics Group, Inc. Class A Common Stock",Industrials,工業
CVNA,Carvana Co. Class A Common Stock,Consumer Discretionary,非必需消費
CVS,CVS Health Corporation Common Stock,Health Care,醫療保健
CVX,Chevron Corporation Common Stock,Energy,能源
CWAN,"Clearwater Analytics Holdings, Inc. Class A Common Stock",Information Technology,資訊科技
CWEN,"Clearway Energy, Inc. Class C Common Stock",Utilities,公用事業
CWEN.A,"Clearway Energy, Inc. Class A Common Stock",,
CWH,"Camping World Holdings, Inc. Class A Common Stock",Consumer Discretionary,非必需消費
CWT,California Water Service Group Common Stock,Utilities,公用事業
CXE,MFS High Income Municipal Trust Common Stock,Financials,金融
CXH,MFS Investment Grade Municipal Trust Common Stock,Financials,金融
CXM,"Sprinklr, Inc. Class A Common Stock",Information Technology,資訊科技
CXT,"Crane NXT, Co. Common Stock",Industrials,工業
CXW,"CoreCivic, Inc. Common Stock",Industrials,工業
CYD,China Yuchai International Limited Common Stock,Consumer Discretionary,非必需消費
CYH,"Community Health Systems, Inc. Common Stock",Health Care,醫療保健
D,"Dominion Energy, Inc. Common Stock",Utilities,公用事業
DAC,Danaos Corporation Common Stock,Industrials,工業
DAL,"Delta Air Lines, Inc. Common Stock",Industrials,工業
DAN,Dana Incorporated Common Stock ,Consumer Discretionary,非必需消費
DAR,Darling Ingredients Inc. Common Stock,Consumer Staples,必需消費
DAY,"Dayforce, Inc. Common Stock",Information Technology,資訊科技
DB,Deutsche Bank AG Common Stock,Financials,金融
DBD,Diebold Nixdorf Incorporated Common stock,Information Technology,資訊科技
DBI,Designer Brands Inc. Class A Common Stock,Consumer Discretionary,非必需消費
DCI,"Donaldson Company, Inc. Common Stock",Industrials,工業
DCO,Ducommun Incorporated Common Stock,Industrials,工業
DD,"DuPont de Nemours, Inc. Common Stock",Materials,原物料
DDD,3D Systems Corporation Common Stock,Information Technology,資訊科技
DDS,"Dillard's, Inc. Common Stock",Consumer Discretionary,非必需消費
DE,Deere & Company Common Stock,Industrials,工業
DEA,"Easterly Government Properties, Inc. Common Stock",Real Estate,房地產
DECK,Deckers Outdoor Corporation Common Stock,Consumer Discretionary,非必需消費
DEI,"Douglas Emmett, Inc. Common Stock",Real Estate,房地產
DELL,Dell Technologies Inc. Class C Common Stock ,Information Technology,資訊科技
DEO,Diageo plc Common Stock,Consumer Staples,必需消費
DFH,"Dream Finders Homes, Inc. Class A Common Stock",Consumer Discretionary,非必需消費
DFIN,"Donnelley Financial Solutions, Inc. Common Stock ",Information Technology,資訊科技
DFP,Flaherty & Crumrine Dynamic Preferred and Income Fund Inc. Common Stock,Financials,金融
DG,Dollar General Corporation Common Stock,Consumer Staples,必需消費
DGX,Quest Diagnostics Incorporated Common Stock,Health Care,醫療保健
DHF,BNY Mellon High Yield Strategies Fund Common Stock,Financials,金融
DHI,"D.R. Horton, Inc. Common Stock",Consumer Discretionary,非必需消費
DHR,Danaher Corporation Common Stock,Health Care,醫療保健
DHX,"DHI Group, Inc. Common Stock",Information Technology,資訊科技
DIN,"Dine Brands Global, Inc. Common Stock",Consumer Discretionary,非必需消費
DINO,HF Sinclair Corporation Common Stock,Energy,能源
DIS,Walt Disney Company (The) Common Stock,Communication Services,通訊服務
DK,"Delek US Holdings, Inc. Common Stock",Energy,能源
DKS,Dick's Sporting Goods Inc Common Stock,Consumer Discretionary,非必需消費
DLB,Dolby Laboratories Common Stock,Industrials,工業
DLR,"Digital Realty Trust, Inc. Common Stock",Real Estate,房地產
DLX,Deluxe Corporation Common Stock,Industrials,工業
DMB,"BNY Mellon Municipal Bond Infrastructure Fund, Inc. Common Stock",Financials,金融
DMO,Western Asset Mortgage Opportunity Fund Inc. Common Stock,Financials,金融
DNA,"Ginkgo Bioworks Holdings, Inc. Class A Common Stock",Health Care,醫療保健
DNB,"Dun & Bradstreet Holdings, Inc. Common Stock",Financials,金融
DNOW,DNOW Inc. Common Stock,Industrials,工業
DNP,"DNP Select Income Fund, Inc. Common Stock",Financials,金融
DOC,"Healthpeak Properties, Inc. Common Stock",Real Estate,房地產
DOCN,"DigitalOcean Holdings, Inc. Common Stock",Information Technology,資訊科技
DOCS,"Doximity, Inc. Class A Common Stock",Health Care,醫療保健
DOUG,Douglas Elliman Inc. Common Stock,Real Estate,房地產
DOV,Dover Corporation Common Stock,Industrials,工業
DOW,Dow Inc. Common Stock ,Materials,原物料
DRH,Diamondrock Hospitality Company Common Stock,Real Estate,房地產
DRI,"Darden Restaurants, Inc. Common Stock",Consumer Discretionary,非必需消費
DSM,"BNY Mellon Strategic Municipal Bond Fund, Inc. Common Stock",Financials,金融
DSU,"Blackrock Debt Strategies Fund, Inc. Common Stock",Financials,金融
DSX,Diana Shipping inc. common stock,Industrials,工業
DT,"Dynatrace, Inc. Common Stock",Information Technology,資訊科技
DTE,DTE Energy Company Common Stock,Utilities,公用事業
DTM,"DT Midstream, Inc. Common Stock ",Energy,能源
DUK,Duke Energy Corporation (Holding Company) Common Stock,Utilities,公用事業
DV,"DoubleVerify Holdings, Inc. Common Stock",Information Technology,資訊科技
DVA,DaVita Inc. Common Stock,Health Care,醫療保健
DVN,Devon Energy Corporation Common Stock,Energy,能源
DX,"Dynex Capital, Inc. Common Stock",Real Estate,房地產
DXC,DXC Technology Company Common Stock ,Information Technology,資訊科技
DXYZ,Destiny Tech100 Inc. Common Stock,Financials,金融
DY,"Dycom Industries, Inc. Common Stock",Industrials,工業
E,ENI S.p.A. Common Stock,Energy,能源
EAF,GrafTech International Ltd. Common Stock,Industrials,工業
EAT,"Brinker International, Inc. Common Stock",Consumer Discretionary,非必需消費
EB,"Eventbrite, Inc. Class A Common Stock",Communication Services,通訊服務
EBF,"Ennis, Inc. Common Stock",Industrials,工業
EBS,Emergent BioSolutions Inc. Common Stock,Health Care,醫療保健
ECC,Eagle Point Credit Company Inc. Common Stock,Financials,金融
ECG,"Everus Construction Group, Inc. Common Stock",Industrials,工業
ECL,Ecolab Inc. Common Stock,Materials,原物料
ECO,Okeanis Eco Tankers Corp. Common Stock,Industrials,工業
ECVT,Ecovyst Inc. Common Stock,Materials,原物料
ED,"Consolidated Edison, Inc. Common Stock",Utilities,公用事業
EDD,"Morgan Stanley Emerging Markets Domestic Debt Fund, Inc. Common Stock",Financials,金融
EE,"Excelerate Energy, Inc. Class A Common Stock",Energy,能源
EEA,"The European Equity Fund, Inc. Common Stock",Financials,金融
EEX,"Emerald Holding, Inc. Common Stock",Communication Services,通訊服務
EFC,Ellington Financial Inc. Common Stock ,Real Estate,房地產
EFX,"Equifax, Inc. Common Stock",Industrials,工業
EG,"Everest Group, Ltd. Common Stock",Financials,金融
EGP,"EastGroup Properties, Inc. Common Stock",Real Estate,房地產
EGY,"VAALCO Energy, Inc.  Common Stock",Energy,能源
EHAB,"Enhabit, Inc. Common Stock",Health Care,醫療保健
EHC,Encompass Health Corporation Common Stock,Health Care,醫療保健
EHI,Western Asset Global High Income Fund Inc Common Stock,Financials,金融
EIC,Eagle Point Income Company Inc. Common Stock,Financials,金融
EIG,Employers Holdings Inc Common Stock,Financials,金融
EIX,Edison International Common Stock,Utilities,公用事業
EL,"Estee Lauder Companies, Inc. (The) Common Stock",Consumer Staples,必需消費
ELAN,Elanco Animal Health Incorporated Common Stock,Health Care,醫療保健
ELF,"e.l.f. Beauty, Inc. Common Stock",Consumer Staples,必需消費
ELME,Elme Communities Common Stock,Real Estate,房地產
ELS,"Equity Lifestyle Properties, Inc. Common Stock",Real Estate,房地產
ELV,"Elevance Health, Inc. Common Stock",Health Care,醫療保健
EMD,Western Asset Emerging Markets Debt Fund Inc Common Stock,Financials,金融
EME,"EMCOR Group, Inc. Common Stock",Industrials,工業
EMF,Templeton Emerging Markets Fund Common Stock,Financials,金融
EMN,Eastman Chemical Company Common Stock,Materials,原物料
EMO,ClearBridge Energy Midstream Opportunity Fund Inc. Common Stock,Financials,金融
EMR,Emerson Electric Company Common Stock,Industrials,工業
ENB,Enbridge Inc Common Stock,Energy,能源
ENFY,Enlightify Inc. Common Stock,Materials,原物料
ENIC,Enel Chile S.A. American Depositary Shares (Each representing 50 shares of Common Stock),Utilities,公用事業
ENOV,Enovis Corporation Common Stock,Health Care,醫療保健
ENR,"Energizer Holdings, Inc. Common Stock",Industrials,工業
ENS,EnerSys Common Stock,Industrials,工業
ENVA,"Enova International, Inc. Common Stock",Financials,金融
EOG,"EOG Resources, Inc. Common Stock",Energy,能源
EOS,Eaton Vance Enhance Equity Income Fund II Common Stock,Financials,金融
EPAC,Enerpac Tool Group Corp. Common Stock,Industrials,工業
EPAM,"EPAM Systems, Inc. Common Stock",Information Technology,資訊科技
EPC,Edgewell Personal Care Company Common Stock,Consumer Staples,必需消費
EPD,Enterprise Products Partners L.P. Common Stock,Energy,能源
EPR,EPR Properties Common Stock,Real Estate,房地產
EPRT,"Essential Properties Realty Trust, Inc. Common Stock",Real Estate,房地產
EQBK,"Equity Bancshares, Inc. Class A Common Stock",Financials,金融
EQH,"Equitable Holdings, Inc. Common Stock",Financials,金融
EQS,"Equus Total Return, Inc. Common Stock",Financials,金融
EQT,EQT Corporation Common Stock,Energy,能源
ERJ,Embraer S.A. Common Stock,Industrials,工業
ES,Eversource Energy (D/B/A) Common Stock,Utilities,公用事業
ESAB,ESAB Corporation Common Stock,Industrials,工業
ESE,ESCO Technologies Inc. Common Stock,Information Technology,資訊科技
ESI,Element Solutions Inc. Common Stock,Materials,原物料
ESRT,"Empire State Realty Trust, Inc. Class A Common Stock",Real Estate,房地產
ESS,"Essex Property Trust, Inc. Common Stock",Real Estate,房地產
ETD,Ethan Allen Interiors Inc. Common Stock,Consumer Discretionary,非必需消費
ETR,Entergy Corporation Common Stock,Utilities,公用事業
ETWO,"E2open Parent Holdings, Inc.Class A Common Stock",Information Technology,資訊科技
EVC,Entravision Communications Corporation Common Stock,Communication Services,通訊服務
EVEX,"Eve Holding, Inc. Common Stock",Industrials,工業
EVEX.W,"Eve Holding, Inc. Warrants, each exercisable for one share of Common Stock at an exercise price of $11.50 per share",,
EVF,Eaton Vance Senior Income Trust Common Stock,Financials,金融
EVH,"Evolent Health, Inc Class A Common Stock",Health Care,醫療保健
EVN,Eaton Vance Municipal Income Trust Common Stock,Financials,金融
EVR,Evercore Inc. Class A Common Stock,Financials,金融
EVRI,Everi Holdings Inc. Common Stock,Consumer Discretionary,非必需消費
EVTC,"Evertec, Inc. Common Stock",Information Technology,資訊科技
EW,Edwards Lifesciences Corporation Common Stock,Health Care,醫療保健
EXP,Eagle Materials Inc Common Stock,Materials,原物料
EXPD,"Expeditors International of Washington, Inc. Common Stock",Industrials,工業
EXR,Extra Space Storage Inc Common Stock,Real Estate,房地產
F,Ford Motor Company Common Stock,Consumer Discretionary,非必需消費
FAF,First American Corporation (New) Common Stock,Financials,金融
FBIN,"Fortune Brands Innovations, Inc. Common Stock",Industrials,工業
FBK,FB Financial Corporation Common Stock,Financials,金融
FBP,First BanCorp. New Common Stock,Financials,金融
FBRT,"Franklin BSP Realty Trust, Inc. Common Stock",Real Estate,房地產
FC,Franklin Covey Company Common Stock,Consumer Staples,必需消費
FCF,First Commonwealth Financial Corporation Common Stock,Financials,金融
FCN,"FTI Consulting, Inc. Common Stock",Industrials,工業
FCPT,"Four Corners Property Trust, Inc. Common Stock",Real Estate,房地產
FDP,"Fresh Del Monte Produce, Inc. Common Stock",Consumer Staples,必需消費
FDS,FactSet Research Systems Inc. Common Stock,Financials,金融
FDX,FedEx Corporation Common Stock,Industrials,工業
FE,FirstEnergy Corp. Common Stock,Utilities,公用事業
FERG,Ferguson Enterprises Inc. Common Stock,Industrials,工業
FET,"Forum Energy Technologies, Inc. Common Stock",Energy,能源
FFWM,First Foundation Inc. Common Stock,Financials,金融
FG,"F&G Annuities & Life, Inc. Common Stock",Financials,金融
FHI,"Federated Hermes, Inc. Common Stock",Financials,金融
FHN,First Horizon Corporation Common Stock,Financials,金融
FI,"Fiserv, Inc. Common Stock",Information Technology,資訊科技
FICO,Fair Isaac Corporation Common Stock,Information Technology,資訊科技
FIGS,"FIGS, Inc. Class A Common Stock",Consumer Discretionary,非必需消費
FIS,"Fidelity National Information Services, Inc. Common Stock",Information Technology,資訊科技
FIX,"Comfort Systems USA, Inc. Common Stock",Industrials,工業
FLC,Flaherty & Crumrine Total Return Fund Inc Common Stock,Financials,金融
FLG,"Flagstar Financial, Inc. Common Stock",Financials,金融
FLO,"Flowers Foods, Inc. Common Stock",Consumer Staples,必需消費
FLOC,Flowco Holdings Inc. Class A Common Stock,Energy,能源
FLR,Fluor Corporation Common Stock,Industrials,工業
FLS,Flowserve Corporation Common Stock,Industrials,工業
FMC,FMC Corporation Common Stock,Materials,原物料
FMX,Fomento Economico Mexicano S.A.B. de C.V. Common Stock,Consumer Staples,必需消費
FNB,F.N.B. Corporation Common Stock,Financials,金融
FND,"Floor & Decor Holdings, Inc. Common Stock",Consumer Discretionary,非必需消費
FNF,"FNF Group of Fidelity National Financial, Inc. Common Stock",Financials,金融
FOA,Finance of America Companies Inc. Class A Common Stock,Financials,金融
FOR,Forestar Group Inc Common Stock ,Real Estate,房地產
FOUR,"Shift4 Payments, Inc. Class A Common Stock",Information Technology,資訊科技
FPI,Farmland Partners Inc. Common Stock,Real Estate,房地產
FR,"First Industrial Realty Trust, Inc. Common Stock",Real Estate,房地產
FRA,Blackrock Floating Rate Income Strategies Fund Inc  Common Stock,Financials,金融
FRGE,"Forge Global Holdings, Inc. Common Stock",Financials,金融
FRT,Federal Realty Investment Trust Common Stock,Real Estate,房地產
FSCO,FS Credit Opportunities Corp. Common Stock,Financials,金融
FSK,FS KKR Capital Corp. Common Stock,Financials,金融
FSLY,"Fastly, Inc. Class A Common Stock",Information Technology,資訊科技
FSS,Federal Signal Corporation Common Stock,Industrials,工業
FT,Franklin Universal Trust Common Stock,Financials,金融
FTHY,First Trust High Yield Opportunities 2027 Term Fund Common Stock,Financials,金融
FTK,"Flotek Industries, Inc. Common Stock",Energy,能源
FTV,Fortive Corporation Common Stock ,Information Technology,資訊科技
FUBO,fuboTV Inc. Common Stock,Communication Services,通訊服務
FUL,H. B. Fuller Company Common Stock,Materials,原物料
FUN,Six Flags Entertainment Corporation Common Stock New,Consumer Discretionary,非必需消費
FVR,"FrontView REIT, Inc. Common Stock",Real Estate,房地產
G,Genpact Limited Common Stock,Information Technology,資訊科技
GAB,"Gabelli Equity Trust, Inc. (The) Common Stock",Financials,金融
GAM,"General American Investors, Inc. Common Stock",Financials,金融
GAP,"Gap, Inc. (The) Common Stock",Consumer Discretionary,非必需消費
GATX,GATX Corporation Common Stock,Industrials,工業
GBCI,"Glacier Bancorp, Inc. Common Stock",Financials,金融
GBLI,"Global Indemnity Group, LLC Class A Common Stock (DE)",Financials,金融
GBTG,"Global Business Travel Group, Inc. Class A Common Stock",Consumer Discretionary,非必需消費
GBX,"Greenbrier Companies, Inc. (The) Common Stock",Industrials,工業
GCI,"Gannett Co., Inc. Common Stock",Communication Services,通訊服務
GCO,Genesco Inc. Common Stock,Consumer Discretionary,非必需消費
GCTS,"GCT Semiconductor Holding, Inc. Common Stock",Information Technology,資訊科技
GCTS.W,"GCT Semiconductor Holding, Inc. Warrants, each whole warrant exercisable for one share of Common Stock at an exercise price of $11.50",,
GCV,"Gabelli Convertible and Income Securities Fund, Inc. (The) Common Stock",Financials,金融
GD,General Dynamics Corporation Common Stock,Industrials,工業
GDDY,GoDaddy Inc. Class A Common Stock,Information Technology,資訊科技
GDO,Western Asset Global Corporate Opportunity Fund Inc. Common Stock,Financials,金融
GDOT,"Green Dot Corporation Class A Common Stock, $0.001 par value",Financials,金融
GE,GE Aerospace Common Stock,Industrials,工業
GEF,Greif Inc. Class A Common Stock,Consumer Discretionary,非必需消費
GEF.B,"Greif, Inc. Corporation Class B Common Stock",Unclassified,未分類
GES,"Guess?, Inc. Common Stock",Consumer Discretionary,非必需消費
GETY,"Getty Images Holdings, Inc. Class A Common Stock",Communication Services,通訊服務
GEV,GE Vernova Inc. Common Stock,Industrials,工業
GF,"New Germany Fund, Inc. (The) Common Stock",Financials,金融
GFF,Griffon Corporation Common Stock,Industrials,工業
GGB,Gerdau S.A. Common Stock,Materials,原物料
GGG,Graco Inc. Common Stock,Industrials,工業
GHC,Graham Holdings Company Common Stock,Consumer Staples,必需消費
GHLD,Guild Holdings Company Class A Common Stock,Financials,金融
GHM,Graham Corporation Common Stock,Industrials,工業
GIB,CGI Inc. Common Stock,Information Technology,資訊科技
GIC,Global Industrial Company Common Stock,Industrials,工業
GIL,"Gildan Activewear, Inc. Class A Sub. Vot. Common Stock",Consumer Discretionary,非必需消費
GIS,"General Mills, Inc. Common Stock",Consumer Staples,必需消費
GKOS,Glaukos Corporation Common Stock,Health Care,醫療保健
GL,Globe Life Inc. Common Stock,Financials,金融
GLW,Corning Incorporated Common Stock,Information Technology,資訊科技
GM,General Motors Company Common Stock,Consumer Discretionary,非必需消費
GME,GameStop Corporation Common Stock,Consumer Discretionary,非必需消費
GMED,"Globus Medical, Inc. Class A Common Stock",Health Care,醫療保健
GMRE,Global Medical REIT Inc. Common Stock,Real Estate,房地產
GMS,GMS Inc. Common Stock,Industrials,工業
GNE,Genie Energy Ltd. Class B Common Stock Stock,Utilities,公用事業
GNL,"Global Net Lease, Inc. Common Stock",Real Estate,房地產
GNRC,Generac Holdlings Inc. Common Stock,Industrials,工業
GNTY,"Guaranty Bancshares, Inc. Common Stock",Financials,金融
GNW,Genworth Financial Inc Common Stock,Financials,金融
GOLF,Acushnet Holdings Corp. Common Stock,Consumer Discretionary,非必需消費
GPC,Genuine Parts Company Common Stock,Consumer Discretionary,非必需消費
GPI,"Group 1 Automotive, Inc. Common Stock",Consumer Discretionary,非必需消費
GPMT,Granite Point Mortgage Trust Inc. Common Stock,Real Estate,房地產
GPN,Global Payments Inc. Common Stock,Industrials,工業
GRBK,"Green Brick Partners, Inc. Common Stock",Consumer Discretionary,非必需消費
GRDN,"Guardian Pharmacy Services, Inc. Class A Common Stock",Health Care,醫療保健
GRMN,Garmin Ltd. Common Stock (Switzerland),Information Technology,資訊科技
GRND,Grindr Inc. Common Stock,Information Technology,資訊科技
GRNT,"Granite Ridge Resources, Inc. Common Stock",Energy,能源
GROV,"Grove Collaborative Holdings, Inc. Class A Common Stock",Consumer Staples,必需消費
GS,"Goldman Sachs Group, Inc. (The) Common Stock",Financials,金融
GSBD,"Goldman Sachs BDC, Inc. Common Stock",Financials,金融
GTLS,"Chart Industries, Inc. Common Stock",Industrials,工業
GTN,"Gray Media, Inc. Common Stock",Communication Services,通訊服務
GTN.A,"Gray Media, Inc. Class A Common Stock",Unclassified,未分類
GTY,Getty Realty Corporation Common Stock,Real Estate,房地產
GUT,Gabelli Utility Trust (The) Common Stock,Financials,金融
GVA,Granite Construction Incorporated Common Stock,Industrials,工業
GWH,"ESS Tech, Inc. Common Stock",Industrials,工業
GWRE,"Guidewire Software, Inc. Common Stock",Information Technology,資訊科技
GWW,"W.W. Grainger, Inc. Common Stock",Industrials,工業
GXO,"GXO Logistics, Inc. Common Stock ",Industrials,工業
H,Hyatt Hotels Corporation Class A Common Stock,Consumer Discretionary,非必需消費
HAE,Haemonetics Corporation Common Stock,Health Care,醫療保健
HAL,Halliburton Company Common Stock,Energy,能源
HASI,"HA Sustainable Infrastructure Capital, Inc. Common Stock",Financials,金融
HAYW,"Hayward Holdings, Inc. Common Stock",Industrials,工業
HBB,Hamilton Beach Brands Holding Company Class A Common Stock ,Consumer Discretionary,非必需消費
HBI,Hanesbrands Inc. Common Stock,Consumer Discretionary,非必需消費
HCA,"HCA Healthcare, Inc. Common Stock",Health Care,醫療保健
HCC,"Warrior Met Coal, Inc. Common Stock",Materials,原物料
HCI,"HCI Group, Inc. Common Stock",Financials,金融
HD,"Home Depot, Inc. (The) Common Stock",Consumer Discretionary,非必需消費
HDB,HDFC Bank Limited Common Stock,Financials,金融
HE,"Hawaiian Electric Industries, Inc. Common Stock",Utilities,公用事業
HEI,Heico Corporation Common Stock,Industrials,工業
HEI.A,Heico Corporation Common Stock,Unclassified,未分類
HES,Hess Corporation Common Stock,Energy,能源
HGLB,Highland Global Allocation Fund Common Stock,Financials,金融
HGTY,"Hagerty, Inc. Class A Common Stock",Financials,金融
HGV,Hilton Grand Vacations Inc. Common Stock ,Consumer Discretionary,非必需消費
HHH,Howard Hughes Holdings Inc. Common Stock,Real Estate,房地產
HI,Hillenbrand Inc Common Stock,Industrials,工業
HIG,"The Hartford Insurance Group, Inc. Common Stock",Financials,金融
HII,"Huntington Ingalls Industries, Inc. Common Stock",Industrials,工業
HIMS,"Hims & Hers Health, Inc. Class A Common Stock",Consumer Staples,必需消費
HIO,"Western Asset High Income Opportunity Fund, Inc. Common Stock",Financials,金融
HIPO,Hippo Holdings Inc. Common Stock,Financials,金融
HIW,"Highwoods Properties, Inc. Common Stock",Real Estate,房地產
HIX,Western Asset High Income Fund II Inc. Common Stock,Financials,金融
HL,Hecla Mining Company Common Stock,Materials,原物料
HLI,"Houlihan Lokey, Inc. Class A Common Stock",Financials,金融
HLIO,"Helios Technologies, Inc. Common Stock",Industrials,工業
HLLY,Holley Inc. Common Stock,Consumer Discretionary,非必需消費
HLT,Hilton Worldwide Holdings Inc. Common Stock ,Consumer Discretionary,非必需消費
HLX,"Helix Energy Solutions Group, Inc. Common Stock",Energy,能源
HMC,"Honda Motor Company, Ltd. Common Stock",Consumer Discretionary,非必需消費
HMN,Horace Mann Educators Corporation Common Stock,Financials,金融
HNI,HNI Corporation Common Stock,Consumer Discretionary,非必需消費
HOMB,"Home BancShares, Inc. Common Stock",Financials,金融
HOUS,"Anywhere Real Estate Inc. Common Stock,",Real Estate,房地產
HOV,"Hovnanian Enterprises, Inc. Class A Common Stock",Consumer Discretionary,非必需消費
HP,"Helmerich & Payne, Inc. Common Stock",Energy,能源
HPE,Hewlett Packard Enterprise Company Common Stock,Information Technology,資訊科技
HPP,"Hudson Pacific Properties, Inc. Common Stock",Real Estate,房地產
HPQ,HP Inc. Common Stock,Information Technology,資訊科技
HR,Healthcare Realty Trust Incorporated Common Stock,Real Estate,房地產
HRB,"H&R Block, Inc. Common Stock",Consumer Discretionary,非必需消費
HRI,Herc Holdings Inc. Common Stock ,Industrials,工業
HRL,Hormel Foods Corporation Common Stock,Consumer Staples,必需消費
HRTG,"Heritage Insurance Holdings, Inc. Common Stock",Financials,金融
HSBC,"HSBC Holdings, plc. Common Stock",Financials,金融
HSY,The Hershey Company Common Stock,Consumer Staples,必需消費
HTB,"HomeTrust Bancshares, Inc. Common Stock",Financials,金融
HTGC,"Hercules Capital, Inc. Common Stock",Financials,金融
HUBB,Hubbell Inc Common Stock,Industrials,工業
HUBS,"HubSpot, Inc. Common Stock",Information Technology,資訊科技
HUM,Humana Inc. Common Stock,Health Care,醫療保健
HUN,Huntsman Corporation Common Stock,Materials,原物料
HVT,"Haverty Furniture Companies, Inc. Common Stock",Consumer Discretionary,非必需消費
HVT.A,"Haverty Furniture Companies, Inc. Common Stock",,
HWM,Howmet Aerospace Inc. Common Stock,Industrials,工業
HXL,Hexcel Corporation Common Stock,Industrials,工業
HYI,Western Asset High Yield Defined Opportunity Fund Inc. Common Stock,Financials,金融
HYT,"Blackrock Corporate High Yield Fund, Inc. Common Stock",Financials,金融
HZO,"MarineMax, Inc.  (FL) Common Stock",Consumer Discretionary,非必需消費
IBM,International Business Machines Corporation Common Stock,Information Technology,資訊科技
IBN,ICICI Bank Limited Common Stock,Financials,金融
IBP,"Installed Building Products, Inc. Common Stock",Consumer Discretionary,非必需消費
IBTA,"Ibotta, Inc. Class A Common Stock",Information Technology,資訊科技
ICE,Intercontinental Exchange Inc. Common Stock,Financials,金融
IDA,"IDACORP, Inc. Common Stock",Utilities,公用事業
IDT,IDT Corporation Class B Common Stock,Communication Services,通訊服務
IEX,IDEX Corporation Common Stock,Industrials,工業
IFF,"International Flavors & Fragrances, Inc. Common Stock",Materials,原物料
IFN,"India Fund, Inc. (The) Common Stock",Financials,金融
IGI,Western Asset Investment Grade Opportunity Trust Inc. Common Stock,Financials,金融
IIF,"Morgan Stanley India Investment Fund, Inc. Common Stock",Financials,金融
IIIN,"Insteel Industries, Inc. Common Stock",Industrials,工業
IIM,Invesco Value Municipal Income Trust Common Stock,Financials,金融
IIPR,"Innovative Industrial Properties, Inc. Common Stock",Real Estate,房地產
IMAX,Imax Corporation Common Stock,Communication Services,通訊服務
INFA,Informatica Inc. Class A Common Stock,Information Technology,資訊科技
ING,"ING Group, N.V. Common Stock",Financials,金融
INGM,Ingram Micro Holding Corporation Common Stock,Information Technology,資訊科技
INGR,Ingredion Incorporated Common Stock,Consumer Staples,必需消費
INN,"Summit Hotel Properties, Inc. Common Stock",Real Estate,房地產
INR,"Infinity Natural Resources, Inc. Class A Common Stock",Energy,能源
INSP,"Inspire Medical Systems, Inc. Common Stock",Health Care,醫療保健
INSW,"International Seaways, Inc. Common Stock ",Energy,能源
INVH,Invitation Homes Inc. Common Stock,Real Estate,房地產
INVX,"Innovex International, Inc. Common Stock",Energy,能源
IONQ,"IonQ, Inc. Common Stock",Information Technology,資訊科技
IONQ.W,"IonQ, Inc. Redeemable warrants, each whole warrant exercisable for one share of Common Stock, each at an exercise price of $11.50 per share",,
IOT,Samsara Inc. Class A Common Stock,Information Technology,資訊科技
IP,International Paper Company Common Stock,Consumer Discretionary,非必需消費
IPG,"Interpublic Group of Companies, Inc. (The) Common Stock",Communication Services,通訊服務
IPI,"Intrepid Potash, Inc Common Stock",Materials,原物料
IQI,Invesco Quality Municipal Income Trust Common Stock,Financials,金融
IQV,"IQVIA Holdings, Inc. Common Stock",Health Care,醫療保健
IR,Ingersoll Rand Inc. Common Stock,Industrials,工業
IRM,Iron Mountain Incorporated (Delaware)Common Stock REIT,Real Estate,房地產
IRS,IRSA Inversiones Y Representaciones S.A. Global Depositary Shares (Each representing ten shares of Common Stock),Real Estate,房地產
IRT,"Independence Realty Trust, Inc. Common Stock",Real Estate,房地產
IT,"Gartner, Inc. Common Stock",Information Technology,資訊科技
ITGR,Integer Holdings Corporation Common Stock,Health Care,醫療保健
ITT,ITT Inc. Common Stock ,Industrials,工業
ITW,Illinois Tool Works Inc. Common Stock,Industrials,工業
IVR,INVESCO MORTGAGE CAPITAL INC Common Stock,Real Estate,房地產
IVT,InvenTrust Properties Corp. Common Stock,Real Estate,房地產
IVZ,Invesco Ltd Common Stock,Financials,金融
J,Jacobs Solutions Inc. Common Stock,Industrials,工業
JBI,"Janus International Group, Inc. Common Stock",Industrials,工業
JBL,Jabil Inc. Common Stock,Information Technology,資訊科技
JBTM,JBT Marel Corporation Common Stock,Industrials,工業
JEF,Jefferies Financial Group Inc. Common Stock,Financials,金融
JEQ,"abrdn Japan Equity Fund, Inc. Common Stock",Financials,金融
JFR,Nuveen Floating Rate Income Fund Common Stock,Financials,金融
JHI,John Hancock Investors Trust Common Stock,Financials,金融
JHS,John Hancock Income Securities Trust Common Stock,Financials,金融
JILL,"J. Jill, Inc. Common Stock",Consumer Discretionary,非必需消費
JLL,Jones Lang LaSalle Incorporated Common Stock,Real Estate,房地產
JNJ,Johnson & Johnson Common Stock,Health Care,醫療保健
JNPR,"Juniper Networks, Inc. Common Stock",Information Technology,資訊科技
JOBY,"Joby Aviation, Inc. Common Stock",Industrials,工業
JOE,St. Joe Company (The) Common Stock,Real Estate,房地產
JOF,Japan Smaller Capitalization Fund Inc Common Stock,Financials,金融
JPM,JP Morgan Chase & Co. Common Stock,Financials,金融
JWN,"Nordstrom, Inc. Common Stock",Consumer Discretionary,非必需消費
JXN,Jackson Financial Inc. Class A Common Stock ,Financials,金融
K,Kellanova Common Stock,Consumer Staples,必需消費
KAI,Kadant Inc Common Stock,Industrials,工業
KAR,"OPENLANE, Inc. Common Stock",Consumer Discretionary,非必需消費
KBDC,"Kayne Anderson BDC, Inc. Common Stock",Financials,金融
KBH,KB Home Common Stock,Consumer Discretionary,非必需消費
KBR,"KBR, Inc. Common Stock",Industrials,工業
KD,"Kyndryl Holdings, Inc. Common Stock",Information Technology,資訊科技
KEP,Korea Electric Power Corporation Common Stock,Utilities,公用事業
KEX,Kirby Corporation Common Stock,Industrials,工業
KEY,KeyCorp Common Stock,Financials,金融
KEYS,Keysight Technologies Inc. Common Stock,Information Technology,資訊科技
KF,"Korea Fund, Inc. (The) New Common Stock",Financials,金融
KFRC,"Kforce, Inc. Common Stock",Industrials,工業
KFS,"Kingsway Financial Services, Inc. Common Stock (DE)",Consumer Discretionary,非必需消費
KFY,Korn Ferry Common Stock,Industrials,工業
KGC,Kinross Gold Corporation Common Stock,Materials,原物料
KGS,"Kodiak Gas Services, Inc. Common Stock",Energy,能源
KIM,Kimco Realty Corporation (HC) Common Stock,Real Estate,房地產
KIND,"Nextdoor Holdings, Inc. Class A Common Stock",Communication Services,通訊服務
KKR,KKR & Co. Inc. Common Stock,Financials,金融
KLC,"KinderCare Learning Companies, Inc. Common Stock",Consumer Staples,必需消費
KLG,WK Kellogg Co Common Stock,Consumer Staples,必需消費
KMI,"Kinder Morgan, Inc. Common Stock",Energy,能源
KMT,Kennametal Inc. Common Stock,Industrials,工業
KN,Knowles Corporation Common Stock,Information Technology,資訊科技
KNF,Knife Riv Holding Co. Common Stock,Materials,原物料
KNSL,"Kinsale Capital Group, Inc. Common Stock",Financials,金融
KNTK,Kinetik Holdings Inc. Class A Common Stock,Energy,能源
KOP,Koppers Holdings Inc. Common Stock,Materials,原物料
KORE,"KORE Group Holdings, Inc. Common Stock",Communication Services,通訊服務
KR,Kroger Company (The) Common Stock,Consumer Staples,必需消費
KRC,Kilroy Realty Corporation Common Stock,Real Estate,房地產
KREF,KKR Real Estate Finance Trust Inc. Common Stock,Real Estate,房地產
KRG,Kite Realty Group Trust Common Stock,Real Estate,房地產
KRMN,Karman Holdings Inc. Common Stock,Industrials,工業
KRO,Kronos Worldwide Inc Common Stock,Materials,原物料
KSS,Kohl's Corporation Common Stock,Consumer Discretionary,非必需消費
KT,KT Corporation Common Stock,Communication Services,通訊服務
KTB,"Kontoor Brands, Inc. Common Stock ",Consumer Discretionary,非必需消費
KVUE,Kenvue Inc. Common Stock,Consumer Staples,必需消費
KVYO,"Klaviyo, Inc. Series A Common Stock",Information Technology,資訊科技
KWR,Quaker Houghton Common Stock,Materials,原物料
L,Loews Corporation Common Stock,Financials,金融
LAD,"Lithia Motors, Inc. Common Stock",Consumer Discretionary,非必需消費
LADR,Ladder Capital Corp Class A Common Stock,Real Estate,房地產
LAW,"CS Disco, Inc. Common Stock",Information Technology,資訊科技
LAZ,"Lazard, Inc. Common Stock",Financials,金融
LBRT,Liberty Energy Inc. Class A common stock,Energy,能源
LC,LendingClub Corporation Common Stock,Financials,金融
LDI,"loanDepot, Inc. Class A Common Stock",Financials,金融
LDOS,"Leidos Holdings, Inc. Common Stock",Information Technology,資訊科技
LEA,Lear Corporation Common Stock,Consumer Discretionary,非必需消費
LEG,"Leggett & Platt, Incorporated Common Stock",Consumer Discretionary,非必需消費
LEN,Lennar Corporation Class A Common Stock,Consumer Discretionary,非必需消費
LEO,"BNY Mellon Strategic Municipals, Inc. Common Stock",Financials,金融
LEVI,Levi Strauss & Co Class A Common Stock,Consumer Discretionary,非必需消費
LFT,"Lument Finance Trust, Inc. Common Stock",Real Estate,房地產
LGI,Lazard Global Total Return and Income Fund Common Stock,Financials,金融
LH,Labcorp Holdings Inc. Common Stock,Health Care,醫療保健
LHX,"L3Harris Technologies, Inc. Common Stock",Industrials,工業
LII,"Lennox International, Inc. Common Stock",Industrials,工業
LLY,Eli Lilly and Company Common Stock,Health Care,醫療保健
LMND,"Lemonade, Inc. Common Stock",Financials,金融
LMT,Lockheed Martin Corporation Common Stock,Industrials,工業
LNC,Lincoln National Corporation Common Stock,Financials,金融
LNG,"Cheniere Energy, Inc. Common Stock",Energy,能源
LNN,Lindsay Corporation Common Stock,Industrials,工業
LOAR,Loar Holdings Inc. Common Stock,Industrials,工業
LOB,"Live Oak Bancshares, Inc. Common Stock",Financials,金融
LOCL,Local Bounti Corporation Common Stock,Consumer Staples,必需消費
LOW,"Lowe's Companies, Inc. Common Stock",Consumer Discretionary,非必需消費
LPG,Dorian LPG Ltd. Common Stock,Energy,能源
LRN,"Stride, Inc. Common Stock",Consumer Staples,必需消費
LTC,"LTC Properties, Inc. Common Stock",Real Estate,房地產
LTH,"Life Time Group Holdings, Inc. Common Stock",Consumer Discretionary,非必需消費
LTM,"LATAM Airlines Group S.A. American Depositary Shares (each representing two thousand (2,000) shares of Common Stock)",Industrials,工業
LUCK,Lucky Strike Entertainment Corporation Class A Common Stock,Consumer Discretionary,非必需消費
LUMN,"Lumen Technologies, Inc. Common Stock",Communication Services,通訊服務
LUV,Southwest Airlines Company Common Stock,Industrials,工業
LVS,Las Vegas Sands Corp. Common Stock,Consumer Discretionary,非必需消費
LVWR,"LiveWire Group, Inc. Common Stock",Consumer Discretionary,非必需消費
LVWR.W,"LiveWire Group, Inc. Warrants, each exercisable for one share of Common Stock at an exercise price of $11.50 per share",,
LW,"Lamb Weston Holdings, Inc. Common Stock ",Consumer Staples,必需消費
LXP,LXP Industrial Trust Common Stock (Maryland REIT),Real Estate,房地產
LXU,"LSB Industries, Inc. Common Stock",Materials,原物料
LYV,"Live Nation Entertainment, Inc. Common Stock",Communication Services,通訊服務
M,Macy's Inc Common Stock,Consumer Discretionary,非必需消費
MA,Mastercard Incorporated Common Stock,Financials,金融
MAC,Macerich Company (The) Common Stock,Real Estate,房地產
MAGN,Magnera Corporation Common Stock,Materials,原物料
MAIN,Main Street Capital Corporation Common Stock,Financials,金融
MAN,ManpowerGroup Common Stock,Industrials,工業
MAS,Masco Corporation Common Stock,Industrials,工業
MATV,"Mativ Holdings, Inc. Common Stock",Materials,原物料
MATX,"Matson, Inc. Common Stock",Industrials,工業
MAX,"MediaAlpha, Inc. Class A Common Stock",Communication Services,通訊服務
MBC,"MasterBrand, Inc. Common Stock",Consumer Discretionary,非必需消費
MBI,MBIA Inc. Common Stock,Financials,金融
MC,Moelis & Company Class A Common Stock,Financials,金融
MCB,Metropolitan Bank Holding Corp. Common Stock,Financials,金融
MCD,McDonald's Corporation Common Stock,Consumer Discretionary,非必需消費
MCI,Barings Corporate Investors Common Stock,Financials,金融
MCK,McKesson Corporation Common Stock,Health Care,醫療保健
MCO,Moody's Corporation Common Stock,Financials,金融
MCR,MFS Charter Income Trust Common Stock,Financials,金融
MCS,Marcus Corporation (The) Common Stock,Communication Services,通訊服務
MCY,Mercury General Corporation Common Stock,Financials,金融
MD,"Pediatrix Medical Group, Inc. Common Stock",Health Care,醫療保健
MDU,"MDU Resources Group, Inc. Common Stock (Holding Company)",Industrials,工業
MDV,"Modiv Industrial, Inc. Class C Common Stock",Real Estate,房地產
MEC,"Mayville Engineering Company, Inc. Common Stock",Industrials,工業
MED,MEDIFAST INC Common Stock,Consumer Discretionary,非必需消費
MEG,"Montrose Environmental Group, Inc. Common Stock",Industrials,工業
MEI,"Methode Electronics, Inc. Common Stock",Information Technology,資訊科技
MET,"MetLife, Inc. Common Stock",Financials,金融
MFC,Manulife Financial Corporation Common Stock,Financials,金融
MFM,MFS Municipal Income Trust Common Stock,Financials,金融
MG,Mistras Group Inc Common Stock,Industrials,工業
MGA,"Magna International, Inc. Common Stock",Consumer Discretionary,非必需消費
MGF,MFS Government Markets Income Trust Common Stock,Financials,金融
MGM,MGM Resorts International Common Stock,Consumer Discretionary,非必需消費
MGY,Magnolia Oil & Gas Corporation Class A Common Stock,Energy,能源
MHD,"Blackrock MuniHoldings Fund, Inc. Common Stock",Financials,金融
MHF,"Western Asset Municipal High Income Fund, Inc. Common Stock",Financials,金融
MHK,"Mohawk Industries, Inc. Common Stock",Consumer Discretionary,非必需消費
MHN,"Blackrock MuniHoldings New York Quality Fund, Inc. Common Stock",Financials,金融
MHO,"M/I Homes, Inc. Common Stock",Consumer Discretionary,非必需消費
MIN,MFS Intermediate Income Trust Common Stock,Financials,金融
MIO,"Pioneer Municipal High Income Opportunities Fund, Inc. Common Stock",Financials,金融
MIR,"Mirion Technologies, Inc. Class A Common Stock",Industrials,工業
MITT,"AG Mortgage Investment Trust, Inc. Common Stock",Real Estate,房地產
MIY,"Blackrock MuniYield Michigan Quality Fund, Inc. Common Stock",Financials,金融
MKC,"McCormick & Company, Incorporated Common Stock",Consumer Staples,必需消費
MKC.V,"McCormick & Company, Incorporated Common Stock",,
MKL,Markel Group Inc. Common Stock,Financials,金融
MLI,"Mueller Industries, Inc. Common Stock",Industrials,工業
MLM,"Martin Marietta Materials, Inc. Common Stock",Materials,原物料
MLNK,"MeridianLink, Inc. Common Stock",Information Technology,資訊科技
MLP,"Maui Land & Pineapple Company, Inc. Common Stock",Real Estate,房地產
MLR,"Miller Industries, Inc. Common Stock",Consumer Discretionary,非必需消費
MMC,"Marsh & McLennan Companies, Inc. Common Stock",Financials,金融
MMI,"Marcus & Millichap, Inc. Common Stock",Real Estate,房地產
MMM,3M Company Common Stock,Industrials,工業
MMS,"Maximus, Inc. Common Stock",Industrials,工業
MMT,MFS Multimarket Income Trust Common Stock,Financials,金融
MMU,"Western Asset Managed Municipals Fund, Inc. Common Stock",Financials,金融
MOD,Modine Manufacturing Company Common Stock,Consumer Discretionary,非必需消費
MODG,Topgolf Callaway Brands Corp. Common Stock,Consumer Discretionary,非必需消費
MOG.A,Moog Inc. Class A Common Stock,Unclassified,未分類
MOG.B,Moog Inc. Class B Common Stock,,
MOH,Molina Healthcare Inc Common Stock,Health Care,醫療保健
MOS,Mosaic Company (The) Common Stock,Materials,原物料
MOV,Movado Group Inc. Common Stock,Consumer Discretionary,非必需消費
MP,MP Materials Corp. Common Stock,Materials,原物料
MPA,Blackrock MuniYield Pennsylvania Quality Fund Common Stock,Financials,金融
MPC,Marathon Petroleum Corporation Common Stock,Energy,能源
MPV,Barings Participation Investors Common Stock,Financials,金融
MPW,"Medical Properties Trust, Inc. common stock",Real Estate,房地產
MPX,Marine Products Corporation Common Stock,Consumer Discretionary,非必需消費
MQT,"Blackrock MuniYield Quality Fund II, Inc. Common Stock",Financials,金融
MQY,"Blackrock MuniYield Quality Fund, Inc. Common Stock",Financials,金融
MRC,MRC Global Inc. Common Stock,Energy,能源
MRK,"Merck & Company, Inc. Common Stock (new)",Health Care,醫療保健
MRP,"Millrose Properties, Inc. Class A Common Stock",Real Estate,房地產
MS,Morgan Stanley Common Stock,Financials,金融
MSA,MSA Safety Incorporated Common Stock,Industrials,工業
MSB,Mesabi Trust Common Stock,Materials,原物料
MSCI,MSCI Inc. Common Stock,Financials,金融
MSD,"Morgan Stanley Emerging Markets Debt Fund, Inc. Common Stock",Financials,金融
MSDL,Morgan Stanley Direct Lending Fund Common Stock,Financials,金融
MSGE,Madison Square Garden Entertainment Corp. Class A Common Stock,Consumer Discretionary,非必需消費
MSGS,Madison Square Garden Sports Corp. Class A Common Stock (New),Communication Services,通訊服務
MSI,"Motorola Solutions, Inc. Common Stock",Information Technology,資訊科技
MSIF,"MSC Income Fund, Inc. Common Stock",Financials,金融
MSM,"MSC Industrial Direct Company, Inc. Common Stock",Industrials,工業
MTB,M&T Bank Corporation Common Stock,Financials,金融
MTDR,Matador Resources Company Common Stock,Energy,能源
MTG,MGIC Investment Corporation Common Stock,Financials,金融
MTH,Meritage Homes Corporation Common Stock,Consumer Discretionary,非必需消費
MTN,"Vail Resorts, Inc. Common Stock",Consumer Discretionary,非必需消費
MTR,Mesa Royalty Trust Common Stock,Energy,能源
MTW,"Manitowoc Company, Inc. (The) Common Stock",Industrials,工業
MTX,Minerals Technologies Inc. Common Stock,Materials,原物料
MTZ,"MasTec, Inc. Common Stock",Industrials,工業
MUA,"Blackrock MuniAssets Fund, Inc Common Stock",Financials,金融
MUC,"Blackrock MuniHoldings California Quality Fund, Inc.  Common Stock",Financials,金融
MUE,"Blackrock MuniHoldings Quality Fund II, Inc. Common Stock",Financials,金融
MUFG,"Mitsubishi UFJ Financial Group, Inc. Common Stock",Financials,金融
MUJ,"Blackrock MuniHoldings New Jersey Quality Fund, Inc. Common Stock",Financials,金融
MUR,Murphy Oil Corporation Common Stock,Energy,能源
MUSA,Murphy USA Inc. Common Stock,Consumer Discretionary,非必需消費
MUX,McEwen Mining Inc. Common Stock,Materials,原物料
MVF,"Blackrock MuniVest Fund, Inc. Common Stock",Financials,金融
MVT,"Blackrock MuniVest Fund II, Inc.  Common Stock",Financials,金融
MWA,MUELLER WATER PRODUCTS Common Stock,Industrials,工業
MX,Magnachip Semiconductor Corporation Common Stock,Information Technology,資訊科技
MXE,"Mexico Equity and Income Fund, Inc. (The) Common Stock",Financials,金融
MXF,"Mexico Fund, Inc. (The) Common Stock",Financials,金融
MYD,"Blackrock MuniYield Fund, Inc.  Common Stock",Financials,金融
MYE,"Myers Industries, Inc. Common Stock",Consumer Discretionary,非必需消費
MYI,"Blackrock MuniYield Quality Fund III, Inc Common Stock",Financials,金融
MYN,"Blackrock MuniYield New York Quality Fund, Inc.Common Stock",Financials,金融
NAD,Nuveen Quality Municipal Income Fund Common Stock,Financials,金融
NAN,Nuveen New York Quality Municipal Income Fund Common Stock,Financials,金融
NAT,Nordic American Tankers Limited Common Stock,Energy,能源
NATL,NCR Atleos Corporation Common Stock,Information Technology,資訊科技
NAZ,Nuveen Arizona Quality Municipal Income Fund Common Stock,Financials,金融
NBHC,National Bank Holdings Corporation Common Stock,Financials,金融
NBXG,Neuberger Berman Next Generation Connectivity Fund Inc. Common Stock,Financials,金融
NC,"NACCO Industries, Inc. Common Stock",Energy,能源
NCDL,Nuveen Churchill Direct Lending Corp. Common Stock,Financials,金融
NEE,"NextEra Energy, Inc. Common Stock",Utilities,公用事業
NET,"Cloudflare, Inc. Class A Common Stock",Information Technology,資訊科技
NEU,NewMarket Corp Common Stock,Materials,原物料
NEUE,"NeueHealth, Inc. Common Stock",Health Care,醫療保健
NFG,National Fuel Gas Company Common Stock,Energy,能源
NGS,"Natural Gas Services Group, Inc. Common Stock",Energy,能源
NGVC,"Natural Grocers by Vitamin Cottage, Inc. Common Stock",Consumer Staples,必需消費
NGVT,Ingevity Corporation Common Stock ,Materials,原物料
NHI,"National Health Investors, Inc. Common Stock",Real Estate,房地產
NI,NiSource Inc Common Stock,Utilities,公用事業
NIC,Nicolet Bankshares Inc. Common Stock,Financials,金融
NIM,Nuveen Select Maturities Municipal Fund Common Stock,Financials,金融
NINE,"Nine Energy Service, Inc. Common Stock",Energy,能源
NJR,NewJersey Resources Corporation Common Stock,Utilities,公用事業
NKE,"Nike, Inc. Common Stock",Consumer Discretionary,非必需消費
NL,"NL Industries, Inc. Common Stock",Industrials,工業
NLY,Annaly Capital Management Inc. Common Stock,Real Estate,房地產
NMAX,"Newsmax, Inc. Class B Common Stock",Communication Services,通訊服務
NMI,"Nuveen Municipal Income Fund, Inc. Common Stock",Financials,金融
NMT,Nuveen Massachusetts Quality Municipal Income Fund Common Stock,Financials,金融
NMZ,"Nuveen Municipal High Income Opportunity Fund Common Stock, $0.01 par value, per share",Financials,金融
NNI,"Nelnet, Inc. Common Stock",Financials,金融
NNN,"NNN REIT, Inc. Common Stock",Real Estate,房地產
NNY,Nuveen New York Municipal Value Fund Common Stock,Financials,金融
NOC,Northrop Grumman Corporation Common Stock,Industrials,工業
NOG,"Northern Oil and Gas, Inc. Common Stock",Energy,能源
NOTE,"FiscalNote Holdings, Inc. Class A common stock",Information Technology,資訊科技
NOTE.W,"FiscalNote Holdings, Inc. Warrants to purchase one share of Class A common stock, each at an exercise price of $11.50 per share",,
NOV,NOV Inc. Common Stock,Energy,能源
NOVA,Sunnova Energy International Inc. Common Stock,Information Technology,資訊科技
NOW,"ServiceNow, Inc. Common Stock",Information Technology,資訊科技
NPB,"Northpointe Bancshares, Inc. Common Stock",Financials,金融
NPK,"National Presto Industries, Inc. Common Stock",Industrials,工業
NPKI,NPK International Inc. Common Stock,Energy,能源
NPO,Enpro Inc. Common Stock,Industrials,工業
NPV,Nuveen Virginia Quality Municipal Income Fund Common Stock,Financials,金融
NPWR,NET Power Inc. Class A Common Stock,Industrials,工業
NPWR.W,"NET Power Inc. Redeemable warrants, each whole warrant exercisable for one share of Class A Common Stock at an exercise price of $11.50",,
NQP,Nuveen Pennsylvania Quality Municipal Income Fund Common Stock,Financials,金融
NRDY,Nerdy Inc. Class A Common Stock,Information Technology,資訊科技
NREF,"NexPoint Real Estate Finance, Inc. Common Stock",Real Estate,房地產
NRG,"NRG Energy, Inc. Common Stock",Utilities,公用事業
NRGV,"Energy Vault Holdings, Inc. Common Stock",Utilities,公用事業
NRT,North European Oil Royality Trust Common Stock,Energy,能源
NSC,Norfolk Southern Corporation Common Stock,Industrials,工業
NSP,"Insperity, Inc. Common Stock",Industrials,工業
NTST,NetSTREIT Corp. Common Stock,Real Estate,房地產
NUE,Nucor Corporation Common Stock,Materials,原物料
NUS,"Nu Skin Enterprises, Inc. Common Stock",Consumer Staples,必需消費
NUV,"Nuveen Municipal Value Fund, Inc. Common Stock",Financials,金融
NUVB,Nuvation Bio Inc. Class A Common Stock,Health Care,醫療保健
NVO,Novo Nordisk A/S Common Stock,Health Care,醫療保健
NVR,"NVR, Inc. Common Stock",Consumer Discretionary,非必需消費
NVRI,Enviri Corporation Common Stock,Industrials,工業
NVS,Novartis AG Common Stock,Health Care,醫療保健
NVST,Envista Holdings Corporation Common Stock,Health Care,醫療保健
NWN,Northwest Natural Holding Company Common Stock,Utilities,公用事業
NX,Quanex Building Products Corporation Common Stock,Industrials,工業
NXDT,NexPoint Diversified Real Estate Trust Common Stock,Real Estate,房地產
NXP,Nuveen Select Tax Free Income Portfolio Common Stock,Financials,金融
NXRT,"NexPoint Residential Trust, Inc. Common Stock",Real Estate,房地產
NYC,American Strategic Investment Co. Class A Common Stock,Real Estate,房地產
NYT,New York Times Company (The) Common Stock,Communication Services,通訊服務
O,Realty Income Corporation Common Stock,Real Estate,房地產
OBDC,Blue Owl Capital Corporation Common Stock,Financials,金融
OBK,"Origin Bancorp, Inc. Common Stock",Financials,金融
OC,Owens Corning Inc Common Stock New,Industrials,工業
OFG,OFG Bancorp Common Stock,Financials,金融
OGE,OGE Energy Corp Common Stock,Utilities,公用事業
OGN,Organon & Co. Common Stock ,Health Care,醫療保健
OGS,"ONE Gas, Inc. Common Stock",Utilities,公用事業
OHI,"Omega Healthcare Investors, Inc. Common Stock",Real Estate,房地產
OIA,Invesco Municipal Income Opportunities Trust Common Stock,Financials,金融
OII,"Oceaneering International, Inc. Common Stock",Energy,能源
OIS,"Oil States International, Inc. Common Stock",Energy,能源
OKE,"ONEOK, Inc. Common Stock",Energy,能源
OKLO,Oklo Inc. Class A common stock,Utilities,公用事業
OLN,Olin Corporation Common Stock,Materials,原物料
OLO,Olo Inc. Class A Common Stock,Information Technology,資訊科技
OLP,"One Liberty Properties, Inc. Common Stock",Real Estate,房地產
OMC,Omnicom Group Inc. Common Stock,Communication Services,通訊服務
OMF,"OneMain Holdings, Inc. Common Stock",Financials,金融
OMI,"Owens & Minor, Inc. Common Stock",Health Care,醫療保健
ONIT,Onity Group Inc. Common Stock,Financials,金融
ONL,Orion Properties Inc. Common Stock,Real Estate,房地產
ONTF,"ON24, Inc. Common Stock",Information Technology,資訊科技
ONTO,Onto Innovation Inc. Common Stock,Information Technology,資訊科技
OOMA,"Ooma, Inc. Common Stock",Information Technology,資訊科技
OPAD,Offerpad Solutions Inc. Class A Common Stock,Real Estate,房地產
OPFI,OppFi Inc. Class A Common Stock,Financials,金融
OPP,"RiverNorth/DoubleLine Strategic Opportunity Fund, Inc. Common Stock",Financials,金融
OPY,"Oppenheimer Holdings, Inc. Class A Common Stock (DE)",Financials,金融
ORA,"Ormat Technologies, Inc. Common Stock",Utilities,公用事業
ORC,"Orchid Island Capital, Inc. Common Stock",Real Estate,房地產
ORCL,Oracle Corporation Common Stock,Information Technology,資訊科技
ORI,Old Republic International Corporation Common Stock,Financials,金融
OSCR,"Oscar Health, Inc. Class A Common Stock",Health Care,醫療保健
OSK,Oshkosh Corporation (Holding Company)Common Stock,Industrials,工業
OTIS,Otis Worldwide Corporation Common Stock ,Industrials,工業
OUT,OUTFRONT Media Inc. Common Stock,Real Estate,房地產
OWL,Blue Owl Capital Inc. Class A Common Stock,Financials,金融
OWLT,"Owlet, Inc. Class A Common Stock",Health Care,醫療保健
OXM,"Oxford Industries, Inc. Common Stock",Consumer Discretionary,非必需消費
OXY,Occidental Petroleum Corporation Common Stock,Energy,能源
PAAS,Pan American Silver Corp. Common Stock,Materials,原物料
PACK,Ranpak Holdings Corp Class A Common Stock,Consumer Discretionary,非必需消費
PACS,"PACS Group, Inc. Common Stock",Health Care,醫療保健
PAG,"Penske Automotive Group, Inc. Common Stock",Consumer Discretionary,非必需消費
PAR,PAR Technology Corporation Common Stock,Information Technology,資訊科技
PARR,"Par Pacific Holdings, Inc.  Common Stock",Energy,能源
PATH,"UiPath, Inc. Class A Common Stock",Information Technology,資訊科技
PAY,"Paymentus Holdings, Inc. Class A Common Stock",Information Technology,資訊科技
PAYC,"Paycom Software, Inc. Common Stock",Information Technology,資訊科技
PB,"Prosperity Bancshares, Inc. Common Stock",Financials,金融
PBF,PBF Energy Inc. Class A Common Stock,Energy,能源
PBH,Prestige Consumer Healthcare Inc. Common Stock,Health Care,醫療保健
PBI,Pitney Bowes Inc. Common Stock,Industrials,工業
PBT,Permian Basin Royalty Trust Common Stock,Energy,能源
PCF,High Income Securities Fund Common Stock,Financials,金融
PCG,Pacific Gas & Electric Co. Common Stock,Utilities,公用事業
PCM,"PCM Fund, Inc. Common Stock",Financials,金融
PCN,Pimco Corporate & Income Strategy Fund Common Stock,Financials,金融
PCOR,"Procore Technologies, Inc. Common Stock",Information Technology,資訊科技
PCQ,PIMCO California Municipal Income Fund Common Stock,Financials,金融
PD,"PagerDuty, Inc. Common Stock",Information Technology,資訊科技
PDCC,Pearl Diver Credit Company Inc. Common Stock,Financials,金融
PDI,PIMCO Dynamic Income Fund Common Stock,Financials,金融
PDM,"Piedmont Office Realty Trust, Inc. Class A Common Stock",Real Estate,房地產
PDS,Precision Drilling Corporation Common Stock,Energy,能源
PEG,Public Service Enterprise Group Incorporated Common Stock,Utilities,公用事業
PEN,"Penumbra, Inc. Common Stock",Health Care,醫療保健
PEO,"Adams Natural Resources Fund, Inc. Common Stock",Financials,金融
PFE,"Pfizer, Inc. Common Stock",Health Care,醫療保健
PFGC,Performance Food Group Company Common Stock,Consumer Staples,必需消費
PFLT,PennantPark Floating Rate Capital Ltd. Common Stock,Financials,金融
PFS,"Provident Financial Services, Inc Common Stock",Financials,金融
PFSI,"PennyMac Financial Services, Inc. Common Stock",Financials,金融
PG,Procter & Gamble Company (The) Common Stock,Consumer Staples,必需消費
PGR,Progressive Corporation (The) Common Stock,Financials,金融
PGRE,"Paramount Group, Inc. Common Stock",Real Estate,房地產
PHIN,PHINIA Inc. Common Stock,Consumer Discretionary,非必需消費
PHM,"PulteGroup, Inc. Common Stock",Consumer Discretionary,非必需消費
PHR,"Phreesia, Inc. Common Stock",Health Care,醫療保健
PHX,PHX Minerals Inc. Common Stock,Energy,能源
PII,Polaris Inc. Common Stock,Consumer Discretionary,非必需消費
PIM,Putnam Master Intermediate Income Trust Common Stock,Financials,金融
PINE,"Alpine Income Property Trust, Inc. Common Stock",Real Estate,房地產
PINS,"Pinterest, Inc. Class A Common Stock",Communication Services,通訊服務
PIPR,Piper Sandler Companies Common Stock,Financials,金融
PJT,PJT Partners Inc. Class A Common Stock,Financials,金融
PK,Park Hotels & Resorts Inc. Common Stock ,Real Estate,房地產
PKE,Park Aerospace Corp. Common Stock,Industrials,工業
PKG,Packaging Corporation of America Common Stock,Consumer Discretionary,非必需消費
PKX,POSCO HOLDINGS INC. American Depositary Shares (Each representing 1/4th of a share of Common Stock),Materials,原物料
PL,Planet Labs PBC Class A Common Stock,Industrials,工業
PL.W,"Planet Labs PBC Redeemable warrants, each whole warrant exercisable for one share of Class A common stock, each at an exercise price of $11.50 per share",,
PLD,"Prologis, Inc. Common Stock",Real Estate,房地產
PLNT,"Planet Fitness, Inc. Common Stock",Consumer Discretionary,非必需消費
PLOW,"Douglas Dynamics, Inc. Common Stock",Consumer Discretionary,非必需消費
PLYM,"Plymouth Industrial REIT, Inc. Common Stock",Real Estate,房地產
PM,Philip Morris International Inc Common Stock,Consumer Staples,必需消費
PMF,PIMCO Municipal Income Fund Common Stock,Financials,金融
PMM,Putnam Managed Municipal Income Trust Common Stock,Financials,金融
PMO,Putnam Municipal Opportunities Trust Common Stock,Financials,金融
PNC,"PNC Financial Services Group, Inc. (The) Common Stock",Financials,金融
PNF,PIMCO New York Municipal Income Fund Common Stock,Financials,金融
PNNT,PennantPark Investment Corporation Common Stock,Financials,金融
PNW,Pinnacle West Capital Corporation Common Stock,Utilities,公用事業
POR,Portland General Electric Co Common Stock,Utilities,公用事業
POST,"Post Holdings, Inc. Common Stock",Consumer Staples,必需消費
PPG,"PPG Industries, Inc. Common Stock",Materials,原物料
PPL,PPL Corporation Common Stock,Utilities,公用事業
PPT,Putnam Premier Income Trust Common Stock,Financials,金融
PR,Permian Resources Corporation Class A Common Stock,Energy,能源
PRA,ProAssurance Corporation Common Stock,Financials,金融
PRG,"PROG Holdings, Inc. Common Stock",Industrials,工業
PRI,"Primerica, Inc. Common Stock",Financials,金融
PRIM,Primoris Services Corporation Common Stock,Industrials,工業
PRKS,United Parks & Resorts Inc. Common Stock,Consumer Discretionary,非必需消費
PRLB,"Proto Labs, Inc. Common stock",Industrials,工業
PRM,"Perimeter Solutions, SA Common Stock",Materials,原物料
PRMB,Primo Brands Corporation Class A Common Stock,Consumer Staples,必需消費
PRO,"PROS Holdings, Inc. Common Stock",Information Technology,資訊科技
PRSU,"Pursuit Attractions and Hospitality, Inc. Common Stock",Consumer Discretionary,非必需消費
PRU,"Prudential Financial, Inc. Common Stock",Financials,金融
PSA,Public Storage Common Stock,Real Estate,房地產
PSBD,Palmer Square Capital BDC Inc. Common Stock,Financials,金融
PSF,"Cohen & Steers Select Preferred and Income Fund, Inc. Common Stock",Financials,金融
PSN,Parsons Corporation Common Stock,Information Technology,資訊科技
PSO,"Pearson, Plc Common Stock",Communication Services,通訊服務
PSQH,"PSQ Holdings, Inc. Class A Common Stock",Information Technology,資訊科技
PSQH.W,"PSQ Holdings, Inc. Warrants, each exercisable for one share of Class A common stock at an exercise price of $11.50 per share",,
PSTG,"Pure Storage, Inc. Class A Common Stock",Information Technology,資訊科技
PSTL,"Postal Realty Trust, Inc. Class A Common Stock",Real Estate,房地產
PSX,Phillips 66 Common Stock,Energy,能源
PUK,Prudential Public Limited Company Common Stock,Financials,金融
PUMP,ProPetro Holding Corp. Common Stock,Energy,能源
PVH,PVH Corp. Common Stock,Consumer Discretionary,非必需消費
PWR,"Quanta Services, Inc. Common Stock",Industrials,工業
PX,"P10, Inc. Class A Common Stock",Financials,金融
QS,QuantumScape Corporation Class A Common Stock,Consumer Discretionary,非必需消費
QTWO,"Q2 Holdings, Inc. Common Stock",Information Technology,資訊科技
QUAD,"Quad Graphics, Inc Class A Common Stock",Industrials,工業
QXO,"QXO, Inc. Common Stock",Information Technology,資訊科技
R,"Ryder System, Inc. Common Stock",Industrials,工業
RA,Brookfield Real Assets Income Fund Inc. Common Stock,Financials,金融
RAMP,"LiveRamp Holdings, Inc. Common Stock",Information Technology,資訊科技
RBA,"RB Global, Inc. Common Stock",Industrials,工業
RBC,RBC Bearings Incorporated Common Stock,Industrials,工業
RBLX,Roblox Corporation Class A Common Stock,Communication Services,通訊服務
RBOT,Vicarious Surgical Inc. Class A Common Stock,Health Care,醫療保健
RBOT.W,"Vicarious Surgical Inc. Warrants, each whole warrant exercisable for one share of Class A Common Stock at an exercise price of $11.50 per share",,
RBRK,"Rubrik, Inc. Class A Common Stock",Information Technology,資訊科技
RC,Ready Capital Corporation Common Stock,Real Estate,房地產
RCI,"Rogers Communication, Inc. Common Stock",Communication Services,通訊服務
RCL,Royal Caribbean Cruises Ltd. Common Stock,Consumer Discretionary,非必需消費
RCUS,"Arcus Biosciences, Inc. Common Stock",Health Care,醫療保健
RDDT,"Reddit, Inc. Class A Common Stock",Communication Services,通訊服務
RDN,Radian Group Inc. Common Stock,Financials,金融
RDW,Redwire Corporation Common Stock,Industrials,工業
RDY,Dr. Reddy's Laboratories Ltd Common Stock,Health Care,醫療保健
RES,"RPC, Inc. Common Stock",Energy,能源
REVG,"REV Group, Inc. Common Stock",Industrials,工業
REXR,"Rexford Industrial Realty, Inc. Common Stock",Real Estate,房地產
REZI,"Resideo Technologies, Inc. Common Stock ",Industrials,工業
RF,Regions Financial Corporation Common Stock,Financials,金融
RFI,"Cohen & Steers Total Return Realty Fund, Inc. Common Stock",Financials,金融
RFL,"Rafael Holdings, Inc. Class B Common Stock",Real Estate,房地產
RFL.W,"Rafael Holdings, Inc. Warrants to Purchase Shares of Class B Common Stock",,
RFM,"RiverNorth Flexible Municipal Income Fund, Inc. Common Stock",Financials,金融
RFMZ,"RiverNorth Flexible Municipal Income Fund II, Inc. Common Stock",Financials,金融
RGA,"Reinsurance Group of America, Incorporated Common Stock",Financials,金融
RGR,"Sturm, Ruger & Company, Inc. Common Stock",Industrials,工業
RGT,"Royce Global Trust, Inc. Common Stock",Financials,金融
RH,RH Common Stock,Consumer Discretionary,非必需消費
RHI,Robert Half Inc. Common Stock,Industrials,工業
RIG,Transocean Ltd (Switzerland) Common Stock,Energy,能源
RIO,Rio Tinto Plc Common Stock,Materials,原物料
RITM,Rithm Capital Corp. Common Stock,Real Estate,房地產
RIV,"RiverNorth Opportunities Fund, Inc. Common Stock",Financials,金融
RJF,"Raymond James Financial, Inc. Common Stock",Financials,金融
RKT,"Rocket Companies, Inc. Class A Common Stock",Financials,金融
RL,Ralph Lauren Corporation Common Stock,Consumer Discretionary,非必需消費
RLI,RLI Corp. Common Stock (DE),Financials,金融
RM,Regional Management Corp. Common Stock,Financials,金融
RMAX,"RE/MAX Holdings, Inc. Class A Common Stock",Real Estate,房地產
RMD,ResMed Inc. Common Stock,Health Care,醫療保健
RMI,"RiverNorth Opportunistic Municipal Income Fund, Inc. Common Stock",Financials,金融
RMM,"RiverNorth Managed Duration Municipal Income Fund, Inc. Common Stock",Financials,金融
RMMZ,"RiverNorth Managed Duration Municipal Income Fund II, Inc. Common Stock",Financials,金融
RNG,"RingCentral, Inc. Class A Common Stock",Information Technology,資訊科技
RNGR,"Ranger Energy Services, Inc. Class A Common Stock",Energy,能源
RNR,RenaissanceRe Holdings Ltd. Common Stock,Financials,金融
RNST,Renasant Corporation Common Stock,Financials,金融
ROG,Rogers Corporation Common Stock,Information Technology,資訊科技
ROK,"Rockwell Automation, Inc. Common Stock",Industrials,工業
ROL,"Rollins, Inc. Common Stock",Consumer Discretionary,非必需消費
RPM,RPM International Inc. Common Stock,Materials,原物料
RPT,Rithm Property Trust Inc. Common stock,Real Estate,房地產
RRC,Range Resources Corporation Common Stock,Energy,能源
RRX,Regal Rexnord Corporation Common Stock,Industrials,工業
RS,"Reliance, Inc. Common Stock",Materials,原物料
RSF,RiverNorth Capital and Income Fund Common Stock,Financials,金融
RSG,"Republic Services, Inc. Common Stock",Industrials,工業
RSI,"Rush Street Interactive, Inc. Class A Common Stock",Consumer Discretionary,非必需消費
RTX,RTX Corporation Common Stock,Industrials,工業
RVLV,"Revolve Group, Inc. Class A Common Stock",Consumer Discretionary,非必需消費
RVTY,"Revvity, Inc. Common Stock",Health Care,醫療保健
RWT,"Redwood Trust, Inc. Common Stock",Real Estate,房地產
RXO,"RXO, Inc. Common Stock",Industrials,工業
RY,Royal Bank Of Canada Common Stock,Financials,金融
RYAM,Rayonier Advanced Materials Inc. Common Stock,Materials,原物料
RYAN,"Ryan Specialty Holdings, Inc. Class A Common Stock",Financials,金融
RYI,Ryerson Holding Corporation Common Stock,Industrials,工業
RYN,Rayonier Inc. REIT Common Stock,Real Estate,房地產
S,"SentinelOne, Inc. Class A Common Stock",Information Technology,資訊科技
SAFE,Safehold Inc. New Common Stock ,Real Estate,房地產
SAH,"Sonic Automotive, Inc. Common Stock",Consumer Discretionary,非必需消費
SAM,"Boston Beer Company, Inc. (The) Common Stock",Consumer Staples,必需消費
SARO,"StandardAero, Inc. Common Stock",Industrials,工業
SB,"Safe Bulkers, Inc Common Stock ($0.001 par value)",Industrials,工業
SBH,"Sally Beauty Holdings, Inc. (Name to be changed from Sally Holdings, Inc.) Common Stock",Consumer Discretionary,非必需消費
SBI,Western Asset Intermediate Muni Fund Inc Common Stock,Financials,金融
SBR,Sabine Royalty Trust Common Stock,Energy,能源
SBSI,"Southside Bancshares, Inc. Common Stock",Financials,金融
SCCO,Southern Copper Corporation Common Stock,Materials,原物料
SCD,LMP Capital and Income Fund Inc. Common Stock,Financials,金融
SCHW,Charles Schwab Corporation (The) Common Stock,Financials,金融
SCI,Service Corporation International Common Stock,Consumer Discretionary,非必需消費
SCL,Stepan Company Common Stock,Materials,原物料
SCM,Stellus Capital Investment Corporation Common Stock,Financials,金融
SCS,Steelcase Inc. Common Stock,Consumer Discretionary,非必需消費
SD,"SandRidge Energy, Inc. Common Stock",Energy,能源
SDHC,Smith Douglas Homes Corp. Class A Common Stock,Real Estate,房地產
SEE,Sealed Air Corporation Common Stock,Consumer Discretionary,非必需消費
SEI,"Solaris Energy Infrastructure, Inc. Class A Common Stock",Energy,能源
SEM,Select Medical Holdings Corporation Common Stock,Health Care,醫療保健
SEMR,"SEMrush Holdings, Inc. Class A Common Stock",Information Technology,資訊科技
SES,SES AI Corporation Class A Common Stock,Consumer Discretionary,非必需消費
SES.W,"SES AI Corporation Warrants, each whole warrant exercisable for one share of Class A Common Stock at an exercise price of $11.50 per share",,
SF,Stifel Financial Corporation Common Stock,Financials,金融
SFBS,"ServisFirst Bancshares, Inc. Common Stock",Financials,金融
SG,"Sweetgreen, Inc. Class A Common Stock",Consumer Discretionary,非必需消費
SGI,Somnigroup International Inc. Common Stock,Consumer Discretionary,非必需消費
SGU,Star Group L.P. Common Stock,Energy,能源
SHAK,"Shake Shack, Inc. Class A Common Stock",Consumer Discretionary,非必需消費
SHCO,Soho House & Co Inc. Class A Common Stock,Consumer Discretionary,非必需消費
SID,Companhia Siderurgica Nacional S.A. Common Stock,Materials,原物料
SILA,"Sila Realty Trust, Inc. Common Stock",Real Estate,房地產
SITC,SITE Centers Corp. Common Stock,Real Estate,房地產
SITE,"SiteOne Landscape Supply, Inc. Common Stock",Industrials,工業
SJM,The J.M. Smucker Company Common Stock,Consumer Staples,必需消費
SJT,San Juan Basin Royalty Trust Common Stock,Energy,能源
SKIL,Skillsoft Corp. Class A Common Stock,Consumer Staples,必需消費
SKLZ,Skillz Inc. Class A Common Stock,Communication Services,通訊服務
SKM,"SK Telecom Co., Ltd. Common Stock",Communication Services,通訊服務
SKT,Tanger Inc. Common Stock,Real Estate,房地產
SKX,"Skechers U.S.A., Inc. Common Stock",Consumer Discretionary,非必需消費
SKY,"Champion Homes, Inc. Common Stock",Consumer Discretionary,非必需消費
SKYH,Sky Harbour Group Corporation Class A Common Stock,Industrials,工業
SKYH.W,"Sky Harbour Group Corporation Warrants, each whole warrant exercisable for one share of Class A common stock at an exercise price of $11.50 per share",,
SLB,Schlumberger N.V. Common Stock,Energy,能源
SLF,Sun Life Financial Inc. Common Stock,Financials,金融
SLG,SL Green Realty Corp Common Stock,Real Estate,房地產
SLGN,Silgan Holdings Inc. Common Stock,Consumer Discretionary,非必需消費
SLQT,"SelectQuote, Inc. Common Stock",Financials,金融
SLVM,Sylvamo Corporation Common Stock,Materials,原物料
SM,SM Energy Company Common Stock,Energy,能源
SMA,"SmartStop Self Storage REIT, Inc. Common Stock",Real Estate,房地產
SMBK,"SmartFinancial, Inc. Common Stock",Financials,金融
SMC,Summit Midstream Corporation Common Stock,Energy,能源
SMHI,SEACOR Marine Holdings Inc. Common Stock ,Industrials,工業
SMP,"Standard Motor Products, Inc. Common Stock",Consumer Discretionary,非必需消費
SMR,NuScale Power Corporation Class A Common Stock,Industrials,工業
SMRT,"SmartRent, Inc. Class A Common Stock",Information Technology,資訊科技
SNAP,Snap Inc. Class A Common Stock,Communication Services,通訊服務
SNDA,"Sonida Senior Living, Inc. Common Stock",Health Care,醫療保健
SNDR,"Schneider National, Inc. Common Stock",Industrials,工業
SNN,"Smith & Nephew SNATS, Inc. Common Stock",Health Care,醫療保健
SNOW,Snowflake Inc. Class A Common Stock,Information Technology,資訊科技
SNV,Synovus Financial Corp. Common Stock,Financials,金融
SNX,TD SYNNEX Corporation Common Stock,Information Technology,資訊科技
SO,Southern Company (The) Common Stock,Utilities,公用事業
SOC,Sable Offshore Corp. Common Stock,Energy,能源
SOLV,Solventum Corporation Common Stock,Health Care,醫療保健
SON,Sonoco Products Company Common Stock,Consumer Discretionary,非必需消費
SPB,"Spectrum Brands Holdings, Inc. Common Stock",Consumer Staples,必需消費
SPCE,"Virgin Galactic Holdings, Inc. Common Stock",Industrials,工業
SPE,"Special Opportunities Fund, Inc Common Stock",Financials,金融
SPG,"Simon Property Group, Inc. Common Stock",Real Estate,房地產
SPGI,S&P Global Inc. Common Stock,Financials,金融
SPH,"Suburban Propane Partners, L.P. Common Stock",Utilities,公用事業
SPHR,Sphere Entertainment Co. Class A Common Stock,Communication Services,通訊服務
SPIR,"Spire Global, Inc. Class A Common Stock",Industrials,工業
SPMC,"Sound Point Meridian Capital, Inc. Common Stock",Unclassified,未分類
SPR,"Spirit Aerosystems Holdings, Inc. Common Stock",Industrials,工業
SPRU,Spruce Power Holding Corporation Class A Common Stock,Information Technology,資訊科技
SPXC,"SPX Technologies, Inc. Common Stock",Industrials,工業
SQM,Sociedad Quimica y Minera S.A. Common Stock,Materials,原物料
SR,Spire Inc. Common Stock,Utilities,公用事業
SRE,DBA Sempra Common Stock,Utilities,公用事業
SRFM,Surf Air Mobility Inc. Common Stock,Industrials,工業
SRG,Seritage Growth Properties Class A Common Stock,Real Estate,房地產
SRI,"Stoneridge, Inc. Common Stock",Consumer Discretionary,非必需消費
SSB,SouthState Corporation Common Stock,Financials,金融
SSD,"Simpson Manufacturing Company, Inc. Common Stock",Materials,原物料
SST,"System1, Inc. Class A Common Stock",Industrials,工業
SSTK,"Shutterstock, Inc. Common Stock",Communication Services,通訊服務
STAG,"Stag Industrial, Inc. Common Stock",Real Estate,房地產
STC,Stewart Information Services Corporation Common Stock,Financials,金融
STEL,"Stellar Bancorp, Inc. Common Stock",Financials,金融
STEM,"Stem, Inc. Class A Common Stock",Utilities,公用事業
STEW,"SRH Total Return Fund, Inc. Common Stock",Financials,金融
STM,STMicroelectronics N.V. Common Stock,Information Technology,資訊科技
STN,Stantec Inc Common Stock,Industrials,工業
STR,Sitio Royalties Corp. Class A Common Stock,Energy,能源
STT,State Street Corporation Common Stock,Financials,金融
STZ,"Constellation Brands, Inc. Common Stock",Consumer Staples,必需消費
SU,Suncor Energy  Inc. Common Stock,Energy,能源
SUI,"Sun Communities, Inc. Common Stock",Real Estate,房地產
SUP,"Superior Industries International, Inc. Common Stock (DE)",Consumer Discretionary,非必需消費
SVV,"Savers Value Village, Inc. Common Stock",Consumer Discretionary,非必需消費
SWK,"Stanley Black & Decker, Inc. Common Stock",Industrials,工業
SWX,"Southwest Gas Holdings, Inc. Common Stock (DE)",Utilities,公用事業
SWZ,Total Return Securities Fund Common Stock,Unclassified,未分類
SXC,"SunCoke Energy, Inc. Common Stock",Materials,原物料
SXI,Standex International Corporation Common Stock,Industrials,工業
SXT,Sensient Technologies Corporation Common Stock,Materials,原物料
SYF,Synchrony Financial Common Stock,Financials,金融
SYK,Stryker Corporation Common Stock,Health Care,醫療保健
SYY,Sysco Corporation Common Stock,Consumer Staples,必需消費
TAK,Takeda Pharmaceutical Company Limited American Depositary Shares (each representing 1/2 of a share of Common Stock),Health Care,醫療保健
TALO,"Talos Energy, Inc. Common Stock",Energy,能源
TAP,Molson Coors Beverage Company Class B Common Stock,Consumer Staples,必需消費
TAP.A,Molson Coors Beverage Company Class A Common Stock,,
TBI,"TrueBlue, Inc. Common Stock",Industrials,工業
TBN,Tamboran Resources Corporation Common stock,Energy,能源
TCI,"Transcontinental Realty Investors, Inc. Common Stock",Real Estate,房地產
TD,Toronto Dominion Bank (The) Common Stock,Financials,金融
TDC,Teradata Corporation Common Stock,Information Technology,資訊科技
TDF,"Templeton Dragon Fund, Inc. Common Stock",Financials,金融
TDG,Transdigm Group Incorporated Common Stock,Industrials,工業
TDOC,"Teladoc Health, Inc. Common Stock",Health Care,醫療保健
TDW,Tidewater Inc. Common Stock,Energy,能源
TDY,Teledyne Technologies Incorporated Common Stock,Information Technology,資訊科技
TE,T1 Energy Inc. Common Stock,Industrials,工業
TE.W,"T1 Energy Inc. Warrants, each whole warrant exercisable to purchase one Common Stock at an exercise price of $11.50 per share",,
TEF,Telefonica SA Common Stock,Communication Services,通訊服務
TEI,"Templeton Emerging Markets Income Fund, Inc. Common Stock",Financials,金融
TEX,Terex Corporation Common Stock,Industrials,工業
TFC,Truist Financial Corporation Common Stock,Financials,金融
TFX,Teleflex Incorporated Common Stock,Health Care,醫療保健
TG,Tredegar Corporation Common Stock,Industrials,工業
TGI,"Triumph Group, Inc. Common Stock",Industrials,工業
TGS,Transportadora de Gas del Sur SA TGS Common Stock,Energy,能源
TGT,Target Corporation Common Stock,Consumer Staples,必需消費
THC,Tenet Healthcare Corporation Common Stock,Health Care,醫療保健
THO,"Thor Industries, Inc. Common Stock",Consumer Discretionary,非必需消費
THR,"Thermon Group Holdings, Inc. Common Stock",Industrials,工業
THS,"Treehouse Foods, Inc. Common Stock",Consumer Staples,必需消費
TIC,Acuren Corporation Common Stock,Industrials,工業
TISI,"Team, Inc. Common Stock",Industrials,工業
TJX,"TJX Companies, Inc. (The) Common Stock",Consumer Discretionary,非必需消費
TK,Teekay Corporation Ltd. Common Stock,Energy,能源
TKC,Turkcell Iletisim Hizmetleri AS Common Stock,Communication Services,通訊服務
TKO,"TKO Group Holdings, Inc. Class A Common Stock",Communication Services,通訊服務
TKR,Timken Company (The) Common Stock,Industrials,工業
TLYS,"Tilly's, Inc. Common Stock",Consumer Discretionary,非必需消費
TM,Toyota Motor Corporation Common Stock,Consumer Discretionary,非必需消費
TMHC,Taylor Morrison Home Corporation Common Stock,Consumer Discretionary,非必需消費
TMO,Thermo Fisher Scientific Inc Common Stock,Health Care,醫療保健
TNC,Tennant Company Common Stock,Industrials,工業
TNET,"TriNet Group, Inc. Common Stock",Industrials,工業
TOL,"Toll Brothers, Inc. Common Stock",Consumer Discretionary,非必需消費
TOST,"Toast, Inc. Class A Common Stock",Information Technology,資訊科技
TPB,"Turning Point Brands, Inc. Common Stock",Consumer Staples,必需消費
TPC,Tutor Perini Corporation Common Stock,Industrials,工業
TPH,"Tri Pointe Homes, Inc. Common Stock",Consumer Discretionary,非必需消費
TPL,Texas Pacific Land Corporation Common Stock,Energy,能源
TPR,"Tapestry, Inc. Common Stock",Consumer Discretionary,非必需消費
TPVG,TriplePoint Venture Growth BDC Corp. Common Stock,Financials,金融
TR,"Tootsie Roll Industries, Inc. Common Stock",Consumer Staples,必需消費
TRAK,"ReposiTrak, Inc. Common Stock",Information Technology,資訊科技
TRC,Tejon Ranch Co Common Stock,Industrials,工業
TREX,"Trex Company, Inc. Common Stock",Industrials,工業
TRGP,"Targa Resources, Inc. Common Stock",Energy,能源
TRN,"Trinity Industries, Inc. Common Stock",Industrials,工業
TRNO,Terreno Realty Corporation Common Stock,Real Estate,房地產
TRP,TC Energy Corporation Common Stock,Energy,能源
TRTX,"TPG RE Finance Trust, Inc. Common Stock",Real Estate,房地產
TRU,TransUnion Common Stock,Financials,金融
TRV,"The Travelers Companies, Inc. Common Stock",Financials,金融
TSI,"TCW Strategic Income Fund, Inc. Common Stock",Financials,金融
TSLX,"Sixth Street Specialty Lending, Inc. Common Stock",Financials,金融
TSN,"Tyson Foods, Inc. Common Stock",Consumer Staples,必需消費
TSQ,"Townsquare Media, Inc. Class A Common Stock",Communication Services,通訊服務
TTC,Toro Company (The) Common Stock,Industrials,工業
TTI,"Tetra Technologies, Inc. Common Stock",Industrials,工業
TV,Grupo Televisa S.A.B. Common Stock,Communication Services,通訊服務
TVC,Tennessee Valley Authority Common Stock,Unclassified,未分類
TWI,"Titan International, Inc. (DE) Common Stock",Industrials,工業
TWLO,Twilio Inc. Class A Common Stock,Information Technology,資訊科技
TWN,"Taiwan Fund, Inc. (The) Common Stock",Financials,金融
TXNM,"TXNM Energy, Inc. Common Stock",Utilities,公用事業
TXT,Textron Inc. Common Stock,Industrials,工業
TY,Tri Continental Corporation Common Stock,Financials,金融
TYG,Tortoise Energy Infrastructure Corporation Common Stock,Financials,金融
TYL,"Tyler Technologies, Inc. Common Stock",Information Technology,資訊科技
U,Unity Software Inc. Common Stock,Information Technology,資訊科技
UA,"Under Armour, Inc. Class C Common Stock",Consumer Discretionary,非必需消費
UAA,"Under Armour, Inc. Class A Common Stock",Consumer Discretionary,非必需消費
UBER,"Uber Technologies, Inc. Common Stock",Information Technology,資訊科技
UCB,"United Community Banks, Inc. Common Stock",Financials,金融
UDR,"UDR, Inc. Common Stock",Real Estate,房地產
UFI,"Unifi, Inc. New Common Stock",Consumer Discretionary,非必需消費
UGI,UGI Corporation Common Stock,Utilities,公用事業
UHS,"Universal Health Services, Inc. Common Stock",Health Care,醫療保健
UHT,Universal Health Realty Income Trust Common Stock,Real Estate,房地產
UI,Ubiquiti Inc. Common Stock,Information Technology,資訊科技
UIS,Unisys Corporation New Common Stock,Information Technology,資訊科技
UL,Unilever PLC Common Stock,Consumer Staples,必需消費
ULS,UL Solutions Inc. Class A Common Stock,Industrials,工業
UMC,United Microelectronics Corporation (NEW) Common Stock,Information Technology,資訊科技
UMH,"UMH Properties, Inc. Common Stock",Real Estate,房地產
UNF,Unifirst Corporation Common Stock,Industrials,工業
UNFI,"United Natural Foods, Inc. Common Stock",Consumer Staples,必需消費
UNH,UnitedHealth Group Incorporated Common Stock (DE),Health Care,醫療保健
UNM,Unum Group Common Stock,Financials,金融
UNP,Union Pacific Corporation Common Stock,Industrials,工業
UP,Wheels Up Experience Inc. Class A Common Stock,Industrials,工業
UPS,"United Parcel Service, Inc. Common Stock",Industrials,工業
URI,"United Rentals, Inc. Common Stock",Industrials,工業
USB,U.S. Bancorp Common Stock,Financials,金融
USFD,US Foods Holding Corp. Common Stock,Consumer Staples,必需消費
USM,United States Cellular Corporation Common Stock,Communication Services,通訊服務
USNA,"USANA Health Sciences, Inc. Common Stock",Consumer Staples,必需消費
USPH,"U.S. Physical Therapy, Inc. Common Stock",Health Care,醫療保健
UTF,"Cohen & Steers Infrastructure Fund, Inc Common Stock",Financials,金融
UTI,Universal Technical Institute Inc Common Stock,Consumer Staples,必需消費
UTL,UNITIL Corporation Common Stock,Utilities,公用事業
UTZ,Utz Brands Inc Class A Common Stock ,Consumer Staples,必需消費
UVE,UNIVERSAL INSURANCE HOLDINGS INC Common Stock,Financials,金融
UVV,Universal Corporation Common Stock,Consumer Staples,必需消費
UWMC,UWM Holdings Corporation Class A Common Stock,Financials,金融
VAC,Marriott Vacations Worldwide Corporation Common Stock,Consumer Discretionary,非必需消費
VATE,INNOVATE Corp. Common Stock,Industrials,工業
VBF,Invesco Bond Fund Common Stock,Financials,金融
VCV,Invesco California Value Municipal Income Trust Common Stock,Financials,金融
VEEV,Veeva Systems Inc. Class A Common Stock,Health Care,醫療保健
VEL,"Velocity Financial, Inc. Common Stock",Financials,金融
VFC,V.F. Corporation Common Stock,Consumer Discretionary,非必需消費
VG,"Venture Global, Inc. Class A common stock",Energy,能源
VGM,Invesco Trust for Investment Grade Municipals Common Stock (DE),Financials,金融
VHC,VirnetX Holding Corp Common Stock,Information Technology,資訊科技
VHI,"Valhi, Inc. Common Stock",Materials,原物料
VICI,VICI Properties Inc. Common Stock,Real Estate,房地產
VKQ,Invesco Municipal Trust Common Stock,Financials,金融
VLO,Valero Energy Corporation Common Stock,Energy,能源
VLTO,Veralto Corp Common Stock ,Industrials,工業
VMC,Vulcan Materials Company (Holding Company) Common Stock,Materials,原物料
VMI,"Valmont Industries, Inc. Common Stock",Industrials,工業
VMO,Invesco Municipal Opportunity Trust Common Stock,Financials,金融
VNCE,Vince Holding Corp. Common Stock,Consumer Discretionary,非必需消費
VNO,Vornado Realty Trust Common Stock,Real Estate,房地產
VNT,Vontier Corporation Common Stock ,Information Technology,資訊科技
VOYA,"Voya Financial, Inc. Common Stock",Financials,金融
VPG,"Vishay Precision Group, Inc. Common Stock",Information Technology,資訊科技
VPV,Invesco Pennsylvania Value Municipal Income Trust Common Stock (DE),Financials,金融
VRE,"Veris Residential, Inc. Common Stock",Real Estate,房地產
VRT,"Vertiv Holdings, LLC Class A Common Stock",Industrials,工業
VRTS,"Virtus Investment Partners, Inc. Common Stock",Financials,金融
VSCO,Victorias Secret & Co. Common Stock ,Consumer Discretionary,非必需消費
VSH,"Vishay Intertechnology, Inc. Common Stock",Information Technology,資訊科技
VST,Vistra Corp. Common Stock,Utilities,公用事業
VSTS,Vestis Corporation Common Stock,Industrials,工業
VTLE,"Vital Energy, Inc. Common Stock, par value $0.01 per share",Energy,能源
VTN,Invesco Trust for Investment Grade New York Municipals Common Stock,Financials,金融
VTOL,"Bristow Group, Inc. Common Stock",Energy,能源
VTR,"Ventas, Inc. Common Stock",Real Estate,房地產
VTS,"Vitesse Energy, Inc. Common Stock",Energy,能源
VVR,Invesco Senior Income Trust Common Stock (DE),Financials,金融
VVV,Valvoline Inc. Common Stock,Consumer Discretionary,非必需消費
VVX,"V2X, Inc. Common Stock",Industrials,工業
VYX,NCR Voyix Corporation Common Stock,Information Technology,資訊科技
VZ,Verizon Communications Inc. Common Stock,Communication Services,通訊服務
W,Wayfair Inc. Class A Common Stock,Consumer Discretionary,非必需消費
WAB,Westinghouse Air Brake Technologies Corporation Common Stock,Industrials,工業
WAL,Western Alliance Bancorporation Common Stock (DE),Financials,金融
WAT,Waters Corporation Common Stock,Health Care,醫療保健
WBS,Webster Financial Corporation Common Stock,Financials,金融
WCC,"WESCO International, Inc. Common Stock",Industrials,工業
WD,"Walker & Dunlop, Inc Common Stock",Financials,金融
WEAV,"Weave Communications, Inc. Common Stock",Health Care,醫療保健
WEC,"WEC Energy Group, Inc. Common Stock",Utilities,公用事業
WELL,Welltower Inc. Common Stock,Real Estate,房地產
WEX,WEX Inc. common stock,Information Technology,資訊科技
WF,Woori Financial Group Inc. American Depositary Shares (each representing three (3) shares of Common Stock),Financials,金融
WFC,Wells Fargo & Company Common Stock,Financials,金融
WFG,West Fraser Timber Co. Ltd Common stock,Materials,原物料
WGO,"Winnebago Industries, Inc. Common Stock",Consumer Discretionary,非必需消費
WH,"Wyndham Hotels & Resorts, Inc. Common Stock ",Consumer Discretionary,非必需消費
WHD,"Cactus, Inc. Class A Common Stock",Energy,能源
WHG,Westwood Holdings Group Inc Common Stock,Financials,金融
WHR,Whirlpool Corporation Common Stock,Consumer Discretionary,非必需消費
WIT,Wipro Limited Common Stock,Information Technology,資訊科技
WK,Workiva Inc. Class A Common Stock,Information Technology,資訊科技
WKC,World Kinect Corporation Common Stock,Energy,能源
WLK,Westlake Corporation Common Stock,Materials,原物料
WLY,"John Wiley & Sons, Inc. Common Stock",Communication Services,通訊服務
WLYB,"John Wiley & Sons, Inc. Common Stock",Communication Services,通訊服務
WM,"Waste Management, Inc. Common Stock",Industrials,工業
WMB,"Williams Companies, Inc. (The) Common Stock",Energy,能源
WMK,"Weis Markets, Inc. Common Stock",Consumer Staples,必需消費
WMS,"Advanced Drainage Systems, Inc. Common Stock",Industrials,工業
WMT,Walmart Inc. Common Stock,Consumer Staples,必需消費
WNC,Wabash National Corporation Common Stock,Industrials,工業
WOLF,"Wolfspeed, Inc. Common Stock",Information Technology,資訊科技
WOW,"WideOpenWest, Inc. Common Stock",Communication Services,通訊服務
WRB,W.R. Berkley Corporation Common Stock,Financials,金融
WRBY,Warby Parker Inc. Class A Common Stock,Health Care,醫療保健
WSO,"Watsco, Inc. Common Stock",Industrials,工業
WSO.B,"Watsco, Inc. Class B Common Stock",,
WST,"West Pharmaceutical Services, Inc. Common Stock",Health Care,醫療保健
WT,"WisdomTree, Inc. Common Stock",Financials,金融
WTI,"W&T Offshore, Inc. Common Stock",Energy,能源
WTM,"White Mountains Insurance Group, Ltd. Common Stock",Financials,金融
WTRG,"Essential Utilities, Inc. Common Stock",Utilities,公用事業
WTS,"Watts Water Technologies, Inc. Class A Common Stock",Industrials,工業
WTTR,"Select Water Solutions, Inc. Class A common stock",Energy,能源
WU,Western Union Company (The) Common Stock,Financials,金融
WWW,"Wolverine World Wide, Inc. Common Stock",Consumer Discretionary,非必需消費
WY,Weyerhaeuser Company Common Stock,Real Estate,房地產
X,United States Steel Corporation Common Stock,Materials,原物料
XHR,"Xenia Hotels & Resorts, Inc. Common Stock",Real Estate,房地產
XOM,Exxon Mobil Corporation Common Stock,Energy,能源
XPER,Xperi Inc. Common Stock ,Information Technology,資訊科技
XPO,"XPO, Inc. Common Stock",Industrials,工業
XPOF,"Xponential Fitness, Inc. Class A Common Stock",Consumer Discretionary,非必需消費
XPRO,Expro Group Holdings N.V. Common Stock,Energy,能源
XYL,Xylem Inc. Common Stock New,Industrials,工業
XYZ,"Block, Inc. Class A Common Stock,",Information Technology,資訊科技
YELP,Yelp Inc. Common Stock,Communication Services,通訊服務
YETI,"YETI Holdings, Inc. Common Stock",Consumer Discretionary,非必需消費
YEXT,"Yext, Inc. Common Stock",Information Technology,資訊科技
YOU,"Clear Secure, Inc. Class A Common Stock",Information Technology,資訊科技
YPF,YPF Sociedad Anonima Common Stock,Energy,能源
YUMC,"Yum China Holdings, Inc. Common Stock",Consumer Discretionary,非必需消費
ZBH,"Zimmer Biomet Holdings, Inc. Common Stock",Health Care,醫療保健
ZETA,Zeta Global Holdings Corp. Class A Common Stock,Information Technology,資訊科技
ZIP,"ZipRecruiter, Inc. Class A Common Stock",Communication Services,通訊服務
ZTS,Zoetis Inc. Class A Common Stock,Health Care,醫療保健
ZVIA,Zevia PBC Class A Common Stock,Consumer Staples,必需消費
ZWS,Zurn Elkay Water Solutions Corporation Common Stock,Industrials,工業
